"sector_code","sector_name","entity","total_aid_usd2021","funded_project_count","rank_within_sector"
"110","EDUCATION","Iraq",1615516839.72164,2,1
"110","EDUCATION","Ghana",486517169.357484,11,2
"110","EDUCATION","Equatorial Guinea",461741106.369363,3,3
"110","EDUCATION","Angola",452435367.19286,5,4
"110","EDUCATION","Cote d'Ivoire",305895201.690627,5,5
"120","HEALTH","Israel",448910227.83158,3,1
"120","HEALTH","Iran",423366910.675284,8,2
"120","HEALTH","Turkey",373563069.610091,6,3
"120","HEALTH","Sri Lanka",345002233.197519,47,4
"120","HEALTH","South Africa",328932368.871123,44,5
"130","POPULATION POLICIES/PROGRAMMES AND REPRODUCTIVE HEALTH","Zimbabwe",1240000,1,1
"130","POPULATION POLICIES/PROGRAMMES AND REPRODUCTIVE HEALTH","Angola",22336.7400477479,1,2
"130","POPULATION POLICIES/PROGRAMMES AND REPRODUCTIVE HEALTH","Ghana",19617.2954618161,1,3
"130","POPULATION POLICIES/PROGRAMMES AND REPRODUCTIVE HEALTH","Laos",0,0,4
"140","WATER SUPPLY AND SANITATION","Sri Lanka",1252061903.05019,9,1
"140","WATER SUPPLY AND SANITATION","Cameroon",1057199430.50655,4,2
"140","WATER SUPPLY AND SANITATION","Zambia",865608688.384599,6,3
"140","WATER SUPPLY AND SANITATION","Angola",725339049.70889,13,4
"140","WATER SUPPLY AND SANITATION","Kenya",471819105.739892,3,5
"150","GOVERNMENT AND CIVIL SOCIETY","Kenya",710930589.948263,3,1
"150","GOVERNMENT AND CIVIL SOCIETY","Ghana",486162082.919641,10,2
"150","GOVERNMENT AND CIVIL SOCIETY","Zambia",463242052.667627,7,3
"150","GOVERNMENT AND CIVIL SOCIETY","Tajikistan",431342715.052102,5,4
"150","GOVERNMENT AND CIVIL SOCIETY","Cote d'Ivoire",321114367.146662,10,5
"160","OTHER SOCIAL INFRASTRUCTURE AND SERVICES","Malaysia",1129703251.18702,6,1
"160","OTHER SOCIAL INFRASTRUCTURE AND SERVICES","Angola",891005036.759443,7,2
"160","OTHER SOCIAL INFRASTRUCTURE AND SERVICES","Congo",872736480.913748,22,3
"160","OTHER SOCIAL INFRASTRUCTURE AND SERVICES","Maldives",631944578.157102,6,4
"160","OTHER SOCIAL INFRASTRUCTURE AND SERVICES","Zambia",587183365.852872,6,5
"210","TRANSPORT AND STORAGE","Pakistan",7205171294.30606,15,1
"210","TRANSPORT AND STORAGE","Kenya",6765301291.43829,10,2
"210","TRANSPORT AND STORAGE","Iran",6472472709.6497,7,3
"210","TRANSPORT AND STORAGE","Bangladesh",6191095340.95854,9,4
"210","TRANSPORT AND STORAGE","Indonesia",6138257868.35313,22,5
"220","COMMUNICATIONS","Russia",2345244277.60186,6,1
"220","COMMUNICATIONS","Turkey",1913169471.87539,6,2
"220","COMMUNICATIONS","South Africa",1874484257.53529,13,3
"220","COMMUNICATIONS","Indonesia",1536114560.64727,11,4
"220","COMMUNICATIONS","Cameroon",1202759918.41479,5,5
"230","ENERGY","Pakistan",23918291518.3833,54,1
"230","ENERGY","Angola",19259735020.0874,20,2
"230","ENERGY","Brazil",17214723309.4739,36,3
"230","ENERGY","Vietnam",10818959478.9827,26,4
"230","ENERGY","Bangladesh",9461914352.39647,21,5
"240","BANKING AND FINANCIAL SERVICES","Argentina",22486229536.631,9,1
"240","BANKING AND FINANCIAL SERVICES","Turkey",10307859727.008,43,2
"240","BANKING AND FINANCIAL SERVICES","Pakistan",6518896063.40178,13,3
"240","BANKING AND FINANCIAL SERVICES","Egypt",4890712867.81734,9,4
"240","BANKING AND FINANCIAL SERVICES","Angola",3485480822.40041,4,5
"250","BUSINESS AND OTHER SERVICES","Peru",2236022624.9419,3,1
"250","BUSINESS AND OTHER SERVICES","Russia",2034673794.33986,16,2
"250","BUSINESS AND OTHER SERVICES","South Africa",1192565295.83816,5,3
"250","BUSINESS AND OTHER SERVICES","Indonesia",1007033639.15684,28,4
"250","BUSINESS AND OTHER SERVICES","Thailand",928669217.745372,2,5
"310","AGRICULTURE, FORESTRY, FISHING","Ghana",822683485.743491,9,1
"310","AGRICULTURE, FORESTRY, FISHING","Chile",588747856.82536,4,2
"310","AGRICULTURE, FORESTRY, FISHING","Liberia",564018276.094917,1,3
"310","AGRICULTURE, FORESTRY, FISHING","Nigeria",472984458.879376,4,4
"310","AGRICULTURE, FORESTRY, FISHING","Myanmar",447100707.338108,5,5
"320","INDUSTRY, MINING, CONSTRUCTION","Russia",78695077743.6385,43,1
"320","INDUSTRY, MINING, CONSTRUCTION","Brazil",13469235302.8607,39,2
"320","INDUSTRY, MINING, CONSTRUCTION","Venezuela",12838552693.9226,5,3
"320","INDUSTRY, MINING, CONSTRUCTION","Peru",10453637496.2332,28,4
"320","INDUSTRY, MINING, CONSTRUCTION","Kazakhstan",9531654372.97407,25,5
"330","TRADE POLICIES AND REGULATIONS","Russia",2004127558.13219,6,1
"330","TRADE POLICIES AND REGULATIONS","Indonesia",616323259.129209,6,2
"330","TRADE POLICIES AND REGULATIONS","Uzbekistan",574959087.069076,3,3
"330","TRADE POLICIES AND REGULATIONS","Turkey",354241352.50754,1,4
"330","TRADE POLICIES AND REGULATIONS","Brazil",337069383.678641,1,5
"410","GENERAL ENVIRONMENTAL PROTECTION","Ethiopia",55853708.750267,2,1
"410","GENERAL ENVIRONMENTAL PROTECTION","Mongolia",18758150.5127866,1,2
"410","GENERAL ENVIRONMENTAL PROTECTION","Belarus",18345975.642216,1,3
"410","GENERAL ENVIRONMENTAL PROTECTION","Kenya",12498544.6350113,4,4
"410","GENERAL ENVIRONMENTAL PROTECTION","Grenada",5752986.41616815,1,5
"430","OTHER MULTISECTOR","Venezuela",18279508245.6031,5,1
"430","OTHER MULTISECTOR","Angola",8067825448.16849,7,2
"430","OTHER MULTISECTOR","Indonesia",5210237463.48217,10,3
"430","OTHER MULTISECTOR","Kazakhstan",1180765741.86327,4,4
"430","OTHER MULTISECTOR","Egypt",942652569.77717,3,5
"510","GENERAL BUDGET SUPPORT","Pakistan",16647996043.041,33,1
"510","GENERAL BUDGET SUPPORT","Venezuela",11222755696.0368,1,2
"510","GENERAL BUDGET SUPPORT","Ecuador",8046624194.32232,6,3
"510","GENERAL BUDGET SUPPORT","Oman",5271604965.92039,3,4
"510","GENERAL BUDGET SUPPORT","South Sudan",3706127303.11424,4,5
"520","DEVELOPMENTAL FOOD AID/FOOD SECURITY ASSISTANCE","North Korea",692911465.056906,6,1
"520","DEVELOPMENTAL FOOD AID/FOOD SECURITY ASSISTANCE","Kyrgyzstan",45201600,1,2
"520","DEVELOPMENTAL FOOD AID/FOOD SECURITY ASSISTANCE","Zimbabwe",33402240.4228458,4,3
"520","DEVELOPMENTAL FOOD AID/FOOD SECURITY ASSISTANCE","South Sudan",30760554.9914,5,4
"520","DEVELOPMENTAL FOOD AID/FOOD SECURITY ASSISTANCE","Liberia",22352103.5074405,2,5
"530","OTHER COMMODITY ASSISTANCE","Uzbekistan",168341335.436842,1,1
"530","OTHER COMMODITY ASSISTANCE","Burkina Faso",8300000,1,2
"530","OTHER COMMODITY ASSISTANCE","Liberia",1421571.21369128,1,3
"530","OTHER COMMODITY ASSISTANCE","Mali",1176731.77744683,1,4
"530","OTHER COMMODITY ASSISTANCE","Mozambique",453090.582731579,1,5
"600","ACTION RELATING TO DEBT","Cuba",3341676758.65446,1,1
"600","ACTION RELATING TO DEBT","Brazil",1364985174.35218,3,2
"600","ACTION RELATING TO DEBT","Turkey",506022810.489614,10,3
"600","ACTION RELATING TO DEBT","Russia",257876105.777957,4,4
"600","ACTION RELATING TO DEBT","Sudan",200937784.50064,1,5
"720","EMERGENCY RESPONSE","Nepal",169274720.409755,14,1
"720","EMERGENCY RESPONSE","Pakistan",165167565.696431,9,2
"720","EMERGENCY RESPONSE","Afghanistan",66331092.9041933,13,3
"720","EMERGENCY RESPONSE","Ethiopia",59593138.2237166,7,4
"720","EMERGENCY RESPONSE","Liberia",56490090.2635994,9,5
"730","RECONSTRUCTION RELIEF AND REHABILITATION","Senegal",49434864.8149642,1,1
"730","RECONSTRUCTION RELIEF AND REHABILITATION","Ecuador",31034596.089489,1,2
"730","RECONSTRUCTION RELIEF AND REHABILITATION","Nepal",22747731.3687595,2,3
"730","RECONSTRUCTION RELIEF AND REHABILITATION","Iraq",13642291.2820266,1,4
"730","RECONSTRUCTION RELIEF AND REHABILITATION","Bangladesh",4609352.62808389,1,5
"740","DISASTER PREVENTION AND PREPAREDNESS","Cambodia",118770500,2,1
"740","DISASTER PREVENTION AND PREPAREDNESS","Bolivia",64800000,2,2
"740","DISASTER PREVENTION AND PREPAREDNESS","Nepal",23594856.8575049,1,3
"740","DISASTER PREVENTION AND PREPAREDNESS","Pakistan",6544800.61620644,1,4
"740","DISASTER PREVENTION AND PREPAREDNESS","Somalia",4000000,1,5
"998","UNALLOCATED/UNSPECIFIED","Russia",1951899556.28266,11,1
"998","UNALLOCATED/UNSPECIFIED","Turkey",1849341051.35475,7,2
"998","UNALLOCATED/UNSPECIFIED","Egypt",1503909848.72721,3,3
"998","UNALLOCATED/UNSPECIFIED","Kazakhstan",1335941661.72214,7,4
"998","UNALLOCATED/UNSPECIFIED","Indonesia",1197748729.73203,14,5
