"entity","years_in_sample","political_regime","democracy_index","cpi","extreme_poverty","gini","gdp_pc","modal_regime","modal_regime_family","years_with_aid","china_aid_usd2021_total","china_aid_usd2021_unadjusted_total","china_project_count_total","china_loan_share","china_development_intent_share","china_aid_usd2021","china_project_count","aid_any","log_china_aid","log_china_aid_total","log_gdp_pc","autocracy_score","regime_family","regime_label"
"Afghanistan",9,0.888888888888889,2.45666666666667,12.8333333333333,NA,NA,2854.16535555556,NA,NA,9,272971555.28242,272971555.28242,84,0,0.94047619047619,30330172.8091577,9.33333333333333,1,17.2276536102503,19.4248781582795,7.95653473453487,2.11111111111111,NA,"Electoral autocracy"
"Albania",9,2,5.91111111111111,35.5,0.2457751,0.319754671428571,14280.1137777778,"Electoral democracy","Democratic",9,11264563.6325502,11264563.6325502,33,0,0.787878787878788,1251618.18139446,3.66666666666667,1,14.0399486161584,16.2371724833032,9.56662320349333,1,"Democratic","Electoral democracy"
"Algeria",9,1,3.75333333333333,35,NA,NA,15029.3852222222,"Electoral autocracy","Authoritarian",9,123673222.841656,123673222.841656,24,0.0416666666666667,0.916666666666667,13741469.2046284,2.66666666666667,1,16.4359288408267,18.6331533534763,9.61776257853203,2,"Authoritarian","Electoral autocracy"
"American Samoa",9,NA,NA,NA,NA,NA,NA,NA,NA,0,0,0,0,NA,NA,0,0,0,0,0,NA,NA,NA,NA
"Andorra",9,NA,NA,NA,NA,NA,60899.3574444444,NA,NA,0,0,0,0,NA,NA,0,0,0,0,0,11.016977902648,NA,NA,NA
"Angola",9,1,3.49333333333333,18.8333333333333,31.122005,0.51263994,8962.91316666667,"Electoral autocracy","Authoritarian",9,42019927609.3369,42019927609.4199,206,0.640776699029126,0.514563106796116,4668880845.48188,22.8888888888889,1,22.2641852324729,24.4614098096187,9.10085058333394,2,"Authoritarian","Electoral autocracy"
"Antigua and Barbuda",9,NA,NA,NA,NA,NA,26497.3826666667,NA,NA,8,292484538.15278,292484538.15278,33,0.0606060606060606,0.93939393939394,32498282.0169755,3.66666666666667,1,17.2966978156575,19.4939223656418,10.1848012398009,NA,NA,NA
"Argentina",9,2,6.93555555555556,35.8333333333333,NA,NA,27378.7472222222,"Electoral democracy","Democratic",9,33816561746.3267,134730079825.004,151,0.516556291390728,0.450331125827815,3757395749.59185,16.7777777777778,1,22.0469919348531,24.2442165119527,10.217522342581,1,"Democratic","Electoral democracy"
"Armenia",9,1.44444444444444,4.59,35.1666666666667,1.05142131111111,0.309028843333333,14182.0077777778,NA,NA,8,72561404.7346445,72561404.7346445,25,0.04,0.76,8062378.30384939,2.77777777777778,1,15.9027192699089,18.0999437369937,9.55972938228981,1.55555555555556,NA,"Electoral autocracy"
"Aruba",9,NA,NA,NA,NA,NA,36207.3496666667,NA,NA,0,0,0,0,NA,NA,0,0,0,0,0,10.4970174066721,NA,NA,NA
"Australia",9,3,9.03222222222222,78.8333333333333,0.49810652,0.341386613333333,55744.5577777778,"Liberal democracy","Democratic",0,0,0,0,NA,NA,0,0,0,0,0,10.9285350662216,0,"Democratic","Liberal democracy"
"Austria",9,2.88888888888889,8.35555555555556,73.8333333333333,0.511111251111111,0.304345284444444,62710.786,NA,NA,0,0,0,0,NA,NA,0,0,0,0,0,11.0462887373447,0.111111111111111,NA,"Liberal democracy"
"Azerbaijan",9,1,2.74,28.6666666666667,NA,NA,20054.5612222222,"Electoral autocracy","Authoritarian",8,1193565697.29456,1193565697.29456,37,0.378378378378378,0.648648648648649,132618410.810506,4.11111111111111,1,18.7029864783432,20.9002110489768,9.90621189924241,2,"Authoritarian","Electoral autocracy"
"Bahamas",9,NA,NA,67.6,NA,NA,31226.4976666667,NA,NA,9,2444484.64960603,2444484.64960603,28,0,0.964285714285714,271609.405511781,3.11111111111111,1,12.5121239858318,14.7093452905013,10.3490222975479,NA,NA,NA
"Bahrain",9,0,2.7,43.8333333333333,NA,NA,54774.5487777778,"Closed autocracy","Authoritarian",0,0,0,0,NA,NA,0,0,0,0,0,10.9109809266895,3,"Authoritarian","Closed autocracy"
"Bangladesh",9,1,5.77333333333333,26.1666666666667,13.468303,0.32385272,6068.834,"Electoral autocracy","Authoritarian",9,17842176362.9728,17842176362.9728,91,0.406593406593407,0.659340659340659,1982464040.33031,10.1111111111111,1,21.4076063732661,23.6048309501539,8.71092177334446,2,"Authoritarian","Electoral autocracy"
"Barbados",9,2.77777777777778,NA,69.2,NA,NA,17978.9635555556,NA,NA,9,237598223.227316,237598223.227316,64,0.046875,0.75,26399802.5808128,7.11111111111111,1,17.0888671279681,19.2860916716341,9.79695766206798,0.222222222222222,NA,"Liberal democracy"
"Belarus",9,1,3.07,36.6666666666667,0,0.2562973225,26231.227,"Electoral autocracy","Authoritarian",9,5873261371.66485,5873261371.65308,83,0.373493975903614,0.566265060240964,652584596.85165,9.22222222222222,1,20.296451340637,22.4936759166111,10.1747058502647,2,"Authoritarian","Electoral autocracy"
"Belgium",9,3,7.76666666666667,75.8333333333333,0.082644914,0.272744627777778,59522.6697777778,"Liberal democracy","Democratic",0,0,0,0,NA,NA,0,0,0,0,0,10.9941125236384,0,"Democratic","Liberal democracy"
"Belize",9,NA,NA,NA,NA,NA,11694.6577777778,NA,NA,0,0,0,0,NA,NA,0,0,0,0,0,9.3668874163223,NA,NA,NA
"Benin",9,1.66666666666667,5.34666666666667,37.8333333333333,27.8382416666667,0.39991364,3117.28647777778,NA,NA,9,2048467617.26078,2048467617.26078,99,0.121212121212121,0.909090909090909,227607513.028975,11,1,19.2431332738586,21.4403578472894,8.04471818371785,1.33333333333333,NA,"Electoral democracy"
"Bermuda",9,NA,NA,NA,NA,NA,93241.3231111111,NA,NA,0,0,0,0,NA,NA,0,0,0,0,0,11.4429462834299,NA,NA,NA
"Bhutan",9,2.11111111111111,5.18333333333333,65.5,0.94576234,0.3744141,13001.0452777778,NA,NA,0,0,0,0,NA,NA,0,0,0,0,0,9.47278503919419,0.888888888888889,NA,"Electoral democracy"
"Bolivia",9,1.66666666666667,5.41333333333333,33,3.87933985555556,0.445322255555556,9322.08261111111,NA,NA,9,1957210474.08111,1957210474.08111,67,0.119402985074627,0.82089552238806,217467830.453457,7.44444444444444,1,19.1975614961911,21.3947860694399,9.14014133884484,1.33333333333333,NA,"Electoral democracy"
"Bosnia and Herzegovina",9,2,4.89888888888889,39,NA,NA,15734.9551111111,"Electoral democracy","Democratic",9,1624726591.66119,1624726591.66119,35,0.114285714285714,0.657142857142857,180525176.851243,3.88888888888889,1,19.01138081549,21.2086053879023,9.6636399566893,1,"Democratic","Electoral democracy"
"Botswana",9,2.88888888888889,7.81888888888889,62,15.426243,0.5332503,17095.2614444444,NA,NA,9,52226306.1274037,52226306.1274037,68,0,0.955882352941177,5802922.90304485,7.55555555555556,1,15.5738724697049,17.7710968938616,9.74655659557707,0.111111111111111,NA,"Liberal democracy"
"Brazil",9,2,6.98111111111111,39.1666666666667,4.38548962222222,0.525073262222222,18162.9717777778,"Electoral democracy","Democratic",9,33823164100.6493,33823164100.6493,131,0.748091603053435,0.267175572519084,3758129344.51659,14.5555555555556,1,22.0471871560565,24.2444117331562,9.8071402829178,1,"Democratic","Electoral democracy"
"British Virgin Islands",9,NA,NA,NA,NA,NA,NA,NA,NA,0,0,0,0,NA,NA,0,0,0,0,0,NA,NA,NA,NA
"Brunei",9,NA,NA,60.75,NA,NA,80725.7627777778,NA,NA,8,2144865891.16212,2144865891.16212,42,0.166666666666667,0.761904761904762,238318432.351347,4.66666666666667,1,19.2891182926289,21.4863428662353,11.2988130446717,NA,NA,NA
"Bulgaria",9,2,6.90555555555556,41.8333333333333,1.43812106666667,0.394004233333333,25800.1342222222,"Electoral democracy","Democratic",6,953148626.707396,953148626.707396,24,0.291666666666667,0.708333333333333,105905402.967488,2.66666666666667,1,18.4780568382356,20.6752814071786,10.1581349733079,1,"Democratic","Electoral democracy"
"Burkina Faso",9,1.88888888888889,4.30555555555556,39.8333333333333,32.0279193333333,0.385697483333333,2245.808,NA,NA,4,446901807.198505,446901807.198505,53,0.0566037735849057,0.962264150943396,49655756.3553894,5.88888888888889,1,17.7206249005523,19.9178494599875,7.7168206463371,1.11111111111111,NA,"Electoral democracy"
"Burundi",9,1,2.52333333333333,20.1666666666667,63.599325,0.38040042,893.336106666667,"Electoral autocracy","Authoritarian",9,196200509.411931,196200509.411931,63,0.0476190476190476,0.968253968253968,21800056.6013257,7,1,16.8974231700185,19.0946477065801,6.79496288930959,2,"Authoritarian","Electoral autocracy"
"Cabo Verde",9,NA,NA,NA,NA,NA,NA,NA,NA,9,198191805.955974,198191805.955974,52,0.0384615384615385,0.884615384615385,22021311.7728859,5.77777777777778,1,16.907521304779,19.1047458417503,NA,NA,NA,NA
"Cambodia",9,1,3.85222222222222,20.6666666666667,NA,NA,5540.02818888889,"Electoral autocracy","Authoritarian",9,10497049744.0786,10497049744.0786,213,0.352112676056338,0.723004694835681,1166338860.45318,23.6666666666667,1,20.8771355013953,23.0743600779694,8.61975486797548,2,"Authoritarian","Electoral autocracy"
"Cameroon",9,1,3.22333333333333,25.8333333333333,24.324868,0.444084735,4735.18963333333,"Electoral autocracy","Authoritarian",9,6557662765.42375,6557662765.42375,104,0.230769230769231,0.836538461538462,728629196.158195,11.5555555555556,1,20.4066755146952,22.6039000908115,8.46277705409665,2,"Authoritarian","Electoral autocracy"
"Canada",9,2.88888888888889,9.11333333333333,81.6666666666667,0.282697282857143,0.329960021428571,55149.6241111111,NA,NA,0,0,0,0,NA,NA,0,0,0,0,0,10.9178052089034,0.111111111111111,NA,"Liberal democracy"
"Cape Verde",9,2,7.81333333333333,56.8333333333333,4.5642314,0.42381087,7904.85915555555,"Electoral democracy","Democratic",0,0,0,0,NA,NA,0,0,0,0,0,8.97523293235082,1,"Democratic","Electoral democracy"
"Cayman Islands",9,NA,NA,NA,NA,NA,74172.7527777778,NA,NA,0,0,0,0,NA,NA,0,0,0,0,0,11.2141521484787,NA,NA,NA
"Central African Republic",9,1,1.47444444444444,23.6666666666667,65.66651,0.43027893,1084.04494666667,"Electoral autocracy","Authoritarian",9,299888781.214278,299888781.214278,62,0.0161290322580645,0.903225806451613,33320975.6904753,6.88888888888889,1,17.3216976872726,19.5189222379322,6.98845464485463,2,"Authoritarian","Electoral autocracy"
"Chad",9,0.888888888888889,1.54888888888889,20.3333333333333,30.882942,0.37499154,1967.66016666667,NA,NA,9,404373551.908344,404373551.908344,83,0.0120481927710843,0.963855421686747,44930394.6564826,9.22222222222222,1,17.6206250870722,19.8178496446247,7.58460038316208,2.11111111111111,NA,"Electoral autocracy"
"Chile",9,2.77777777777778,7.92333333333333,69,0.66192028,0.4611048775,27844.7295555556,NA,NA,9,5399557495.03449,5399557495.03449,58,0.5,0.482758620689655,599950832.78161,6.44444444444444,1,20.2123582661255,22.4095828419801,10.2343989834808,0.222222222222222,NA,"Liberal democracy"
"China",9,0,2.82666666666667,38.8333333333333,0.563425375555556,0.382851356666667,16471.6762222222,"Closed autocracy","Authoritarian",0,0,0,0,NA,NA,0,0,0,0,0,9.70939759226275,3,"Authoritarian","Closed autocracy"
"Colombia",9,2,6.74111111111111,36.6666666666667,5.79989734444444,0.51862748,17071.1244444444,"Electoral democracy","Democratic",8,1261208296.46057,1261208296.46057,60,0.316666666666667,0.8,140134255.162286,6.66666666666667,1,18.7581114936409,20.955336064634,9.74514368616992,1,"Democratic","Electoral democracy"
"Comoros",9,1.22222222222222,3.48,26.3333333333333,18.643723,0.45332918,3439.27124444444,NA,NA,9,175137378.480511,175137378.480511,52,0.0192307692307692,0.980769230769231,19459708.7200567,5.77777777777778,1,16.7838567178615,18.9810812495193,8.14301488037936,1.77777777777778,NA,"Electoral autocracy"
"Congo",9,1,3.01888888888889,21.3333333333333,78.94202,0.44674513,7654.72003333333,"Electoral autocracy","Authoritarian",9,7822151637.76237,7822151637.76237,251,0.254980079681275,0.788844621513944,869127959.751374,27.8888888888889,1,20.5830009229663,22.7802254992798,8.94307773437703,2,"Authoritarian","Electoral autocracy"
"Cook Islands",9,NA,NA,NA,NA,NA,NA,NA,NA,7,37948121.9591524,37948121.9591524,17,0,0.88235294117647,4216457.99546138,1.88888888888889,1,15.2545062331687,17.4517305996908,NA,NA,NA,NA
"Costa Rica",9,3,8.02333333333333,55.8333333333333,1.48073453333333,0.48587827,22399.5542222222,"Liberal democracy","Democratic",9,636921302.675017,636921302.675017,41,0.121951219512195,0.804878048780488,70769033.6305574,4.55555555555556,1,18.0749320990172,20.272156663793,10.0167963368515,0,"Democratic","Liberal democracy"
"Cote d'Ivoire",9,1.44444444444444,3.81777777777778,32.6666666666667,18.2275146666667,0.379710356666667,5432.29813333333,NA,NA,9,6777017097.72276,6777017097.72276,121,0.338842975206612,0.793388429752066,753001899.746974,13.4444444444444,1,20.4395783099934,22.6368028861491,8.60011755236669,1.55555555555556,NA,"Electoral autocracy"
"Croatia",9,2,6.70111111111111,48.8333333333333,0.528672303333333,0.303927613333333,31962.4338888889,"Electoral democracy","Democratic",0,0,0,0,NA,NA,0,0,0,0,0,10.3723165512012,1,"Democratic","Electoral democracy"
"Cuba",9,0,3.17777777777778,46.6666666666667,NA,NA,NA,"Closed autocracy","Authoritarian",9,4738520856.30108,4738520856.30108,82,0.280487804878049,0.829268292682927,526502317.366787,9.11111111111111,1,20.0817662928843,22.2789908685323,NA,3,"Authoritarian","Closed autocracy"
"Curacao",9,NA,NA,NA,NA,NA,28946.1545555556,NA,NA,4,0,0,5,0,0.6,0,0.555555555555556,1,0,0,10.2731926436276,NA,NA,NA
"Cyprus",9,3,7.51444444444444,59.6666666666667,0.0516008783777778,0.3309157,42851.0967777778,"Liberal democracy","Democratic",0,0,0,0,NA,NA,0,0,0,0,0,10.6654865194458,0,"Democratic","Liberal democracy"
"Czechia",9,2.77777777777778,7.79666666666667,54.3333333333333,0.0145900003333333,0.2569143,46114.44,NA,NA,0,0,0,0,NA,NA,0,0,0,0,0,10.7388814120419,0.222222222222222,NA,"Liberal democracy"
"Denmark",9,3,9.18888888888889,90,0.205381602222222,0.281914666666667,64893.4163333333,"Liberal democracy","Democratic",0,0,0,0,NA,NA,0,0,0,0,0,11.0805014543004,0,"Democratic","Liberal democracy"
"Djibouti",9,1,2.83666666666667,32.6666666666667,22.002594,0.428517655,5304.16408888889,"Electoral autocracy","Authoritarian",9,2093493137.58633,2093493137.58633,52,0.173076923076923,0.826923076923077,232610348.620704,5.77777777777778,1,19.2648752924188,21.4620998659337,8.57624746820634,2,"Authoritarian","Electoral autocracy"
"Dominica",9,NA,NA,57.8,NA,NA,16014.4555555556,NA,NA,9,85830642.2236613,85830642.2236613,66,0.151515151515152,0.909090909090909,9536738.02485125,7.33333333333333,1,16.0706621636958,18.2678866478253,9.68124706555877,NA,NA,NA
"Dominican Republic",9,2,6.58444444444444,30.6666666666667,1.70842457,0.431992285555556,19133.6231111111,"Electoral democracy","Democratic",6,55045448.3887261,55045448.3887261,24,0,0.958333333333333,6116160.93208067,2.66666666666667,1,15.626445322476,17.8236697544778,9.85920243870488,1,"Democratic","Electoral democracy"
"East Asia and Pacific (WB)",9,NA,NA,NA,NA,NA,18394.4235,NA,NA,0,0,0,0,NA,NA,0,0,0,0,0,9.81980282700971,NA,NA,NA
"East Timor",9,2,7.18333333333333,32.3333333333333,24.443077,0.28652927,4974.61623333333,"Electoral democracy","Democratic",0,0,0,0,NA,NA,0,0,0,0,0,8.51210350758885,1,"Democratic","Electoral democracy"
"Ecuador",9,2,5.98666666666667,32.8333333333333,3.6780608,0.457496304444444,13688.9014444444,"Electoral democracy","Democratic",9,14059468772.3935,14059468772.2749,136,0.279411764705882,0.772058823529412,1562163196.93262,15.1111111111111,1,21.1693373630167,23.366561939784,9.52434066995271,1,"Democratic","Electoral democracy"
"Egypt",9,0.875,3.17333333333333,34.3333333333333,1.6259653,0.317501346666667,14196.5623333333,NA,NA,9,14624944661.9444,26240382334.7782,63,0.476190476190476,0.73015873015873,1624993851.32716,7,1,21.2087698695377,23.4059944463269,9.56075512507915,2.125,NA,"Electoral autocracy"
"El Salvador",9,1.88888888888889,6.27777777777778,36.6666666666667,2.6243012875,0.39981965,9966.369,NA,NA,5,309755563.765491,309755563.765491,54,0.111111111111111,0.944444444444444,34417284.8628324,6,1,17.3540694921474,19.5512940436568,9.20697160404393,1.11111111111111,NA,"Electoral democracy"
"Equatorial Guinea",9,1,1.82111111111111,17.3333333333333,NA,NA,23518.4716666667,"Electoral autocracy","Authoritarian",9,3764839428.34871,3764839428.34871,83,0.204819277108434,0.831325301204819,418315492.038746,9.22222222222222,1,19.8517464738302,22.0489710490415,10.0655414197425,2,"Authoritarian","Electoral autocracy"
"Eritrea",9,0,2.31888888888889,19.6666666666667,NA,NA,NA,"Closed autocracy","Authoritarian",8,2187885484.99145,2187885484.99145,56,0.125,0.821428571428571,243098387.221272,6.22222222222222,1,19.3089768091585,21.5062013828383,NA,3,"Authoritarian","Closed autocracy"
"Estonia",9,3,7.82111111111111,70.1666666666667,0.49917367,0.319486011111111,40164.9588888889,"Liberal democracy","Democratic",0,0,0,0,NA,NA,0,0,0,0,0,10.6007502250518,0,"Democratic","Liberal democracy"
"Eswatini",9,0,3.08555555555556,39.75,36.07985,0.54579794,9526.63477777778,"Closed autocracy","Authoritarian",0,0,0,0,NA,NA,0,0,0,0,0,9.16184681548101,3,"Authoritarian","Closed autocracy"
"Ethiopia",9,1,3.54111111111111,33.6666666666667,26.984606,0.34993124,2181.93737777778,"Electoral autocracy","Authoritarian",9,13320512321.064,13320512321.064,142,0.274647887323944,0.753521126760563,1480056924.56266,15.7777777777778,1,21.1153463872008,23.3125709639364,7.68796846652095,2,"Authoritarian","Electoral autocracy"
"Europe and Central Asia (WB)",9,NA,NA,NA,NA,NA,40308.3145555556,NA,NA,0,0,0,0,NA,NA,0,0,0,0,0,10.6043130431695,NA,NA,NA
"European Union (27)",9,NA,NA,NA,NA,NA,49492.3136666667,NA,NA,0,0,0,0,NA,NA,0,0,0,0,0,10.8095726570384,NA,NA,NA
"Faeroe Islands",9,NA,NA,NA,NA,NA,64407.2787777778,NA,NA,0,0,0,0,NA,NA,0,0,0,0,0,11.0729819302053,NA,NA,NA
"Fiji",9,0.888888888888889,5.49222222222222,NA,0.84091025,0.33701733,12155.8265555556,NA,NA,9,125919342.667202,125919342.667202,111,0,0.900900900900901,13991038.0741335,12.3333333333333,1,16.4539276165164,18.6511521303199,9.40556388571801,2.11111111111111,NA,"Electoral autocracy"
"Finland",9,3,9.11222222222222,87.8333333333333,0.0532327952222222,0.272666416666667,55364.9034444444,"Liberal democracy","Democratic",0,0,0,0,NA,NA,0,0,0,0,0,10.9217011601488,0,"Democratic","Liberal democracy"
"France",9,3,7.94444444444444,70.1666666666667,0.0589453496666667,0.318641277777778,52662.397,"Liberal democracy","Democratic",0,0,0,0,NA,NA,0,0,0,0,0,10.8716569504344,0,"Democratic","Liberal democracy"
"French Polynesia",9,NA,NA,NA,NA,NA,NA,NA,NA,1,0,0,1,1,0,0,0.111111111111111,1,0,0,NA,NA,NA,NA
"Gabon",9,1,3.64333333333333,33.8333333333333,2.468642,0.38024372,19495.4562222222,"Electoral autocracy","Authoritarian",9,1633698479.87955,1633698479.87955,48,0.333333333333333,0.854166666666667,181522053.31995,5.33333333333333,1,19.016887715692,21.2141122881313,9.87793670315479,2,"Authoritarian","Electoral autocracy"
"Gambia",9,1.44444444444444,3.76,29.6666666666667,15.3121005,0.373380185,2603.05898888889,NA,NA,6,213702610.445143,213702610.445143,57,0.0175438596491228,0.912280701754386,23744734.4939048,6.33333333333333,1,16.9828714004594,19.1800959403604,7.86444256662365,1.55555555555556,NA,"Electoral autocracy"
"Georgia",9,2,5.65111111111111,54,5.7697873,0.364645978888889,16263.122,"Electoral democracy","Democratic",8,371837902.190556,371837902.190556,23,0.217391304347826,0.739130434782609,41315322.4656173,2.55555555555556,1,17.5367440173405,19.733968573162,9.69665536959127,1,"Democratic","Electoral democracy"
"Germany",9,3,8.61444444444444,80,0.0922291675,0.31596218875,61305.1888888889,"Liberal democracy","Democratic",0,0,0,0,NA,NA,0,0,0,0,0,11.0236197657952,0,"Democratic","Liberal democracy"
"Ghana",9,2.22222222222222,6.58,44.1666666666667,25.208553,0.43512443,6026.98548888889,NA,NA,9,5255214162.69557,5255214162.69557,135,0.311111111111111,0.785185185185185,583912684.743953,15,1,20.1852620189023,22.3824865947162,8.70400224579621,0.777777777777778,NA,"Electoral democracy"
"Greece",9,3,7.41555555555556,44.3333333333333,0.883681991111111,0.344139161111111,31936.4421111111,"Liberal democracy","Democratic",0,0,0,0,NA,NA,0,0,0,0,0,10.3715030226749,0,"Democratic","Liberal democracy"
"Greenland",9,NA,NA,NA,NA,NA,65246.3594444444,NA,NA,0,0,0,0,NA,NA,0,0,0,0,0,11.0859255296735,NA,NA,NA
"Grenada",9,NA,NA,53.3333333333333,0.31790403,0.4381641,15418.5037777778,NA,NA,9,207486678.165579,207486678.165579,77,0.025974025974026,0.935064935064935,23054075.351731,8.55555555555556,1,16.9533531600024,19.1505776987819,9.64332361113696,NA,NA,NA
"Guam",9,NA,NA,NA,NA,NA,NA,NA,NA,0,0,0,0,NA,NA,0,0,0,0,0,NA,NA,NA,NA
"Guatemala",9,2,5.53,28.6666666666667,9.521302,0.4827621,11014.444,"Electoral democracy","Democratic",0,0,0,0,NA,NA,0,0,0,0,0,9.30696278133967,1,"Democratic","Electoral democracy"
"Guinea",9,0.888888888888889,2.99,26,13.8201,0.29591954,3258.09317777778,NA,NA,9,3989240428.51698,3989240428.51698,77,0.168831168831169,0.844155844155844,443248936.501886,8.55555555555556,1,19.9096421058529,22.1068666811837,8.08889738843927,2.11111111111111,NA,"Electoral autocracy"
"Guinea-Bissau",9,1.33333333333333,2.11888888888889,17.3333333333333,23.811673,0.3410015,2266.76758888889,NA,NA,9,138762615.415311,138762615.415311,66,0.0151515151515152,0.984848484848485,15418068.379479,7.33333333333333,1,16.5510507158926,18.7482752355764,7.7261101260147,1.66666666666667,NA,"Electoral autocracy"
"Guyana",9,2,6.2,32.5,NA,NA,14407.9993333333,"Electoral democracy","Democratic",9,448911641.101806,448911641.101806,67,0.0746268656716418,0.880597014925373,49879071.233534,7.44444444444444,1,17.7251120786339,19.9223366381492,9.5755388405852,1,"Democratic","Electoral democracy"
"Haiti",9,0.888888888888889,4.10333333333333,19.5,NA,NA,3373.79732222222,NA,NA,5,70848.270501508,70848.270501508,11,0,0.818181818181818,7872.03005572311,1.22222222222222,1,8.97119828074648,11.1683099486863,8.12379419082805,2.11111111111111,NA,"Electoral autocracy"
"High-income countries",9,NA,NA,NA,NA,NA,52515.5004444444,NA,NA,0,0,0,0,NA,NA,0,0,0,0,0,10.8688636515639,NA,NA,NA
"Honduras",9,1,5.63,29,13.7524717142857,0.493476914285714,5941.94141111111,"Electoral autocracy","Authoritarian",5,449932181.38999,449932181.38999,5,1,0.4,49992464.5988878,0.555555555555556,1,17.7273828640156,19.9246074235714,8.68979119584454,2,"Authoritarian","Electoral autocracy"
"Hong Kong",9,0,6.16111111111111,75.6666666666667,NA,NA,63803.2293333333,"Closed autocracy","Authoritarian",0,0,0,0,NA,NA,0,0,0,0,0,11.0635590845618,3,"Authoritarian","Closed autocracy"
"Hungary",9,1.55555555555556,6.70888888888889,49.6666666666667,0.520491424444444,0.302419736666667,33957.6658888889,NA,NA,0,0,0,0,NA,NA,0,0,0,0,0,10.4328699068762,1.44444444444444,NA,"Electoral democracy"
"Iceland",9,3,9.51111111111111,77.8333333333333,0.0163033054,0.266727978,61896.4575555556,"Liberal democracy","Democratic",0,0,0,0,NA,NA,0,0,0,0,0,11.0332182285303,0,"Democratic","Liberal democracy"
"India",9,1.44444444444444,7.33777777777778,38.8333333333333,14.7038787142857,0.343224642857143,7073.49393333333,NA,NA,8,2488945426.57079,2488945426.57079,43,0.627906976744186,0.232558139534884,276549491.841198,4.77777777777778,1,19.4379003605259,21.6351249346479,8.8641098282374,1.55555555555556,NA,"Electoral autocracy"
"Indonesia",9,2,6.67111111111111,35.6666666666667,5.92914251111111,0.368563146666667,11641.9705555556,"Electoral democracy","Democratic",9,34762443287.158,34762443287.158,234,0.816239316239316,0.324786324786325,3862493698.57312,26,1,22.0745788479905,24.2718034250966,9.3623719986716,1,"Democratic","Electoral democracy"
"Iran",9,1,2.21,27.6666666666667,0.549010936666667,0.357630476666667,14451.7186666667,"Electoral autocracy","Authoritarian",9,17805708173.8448,17805708173.8448,47,0.553191489361702,0.446808510638298,1978412019.31609,5.22222222222222,1,21.4055603499295,23.6027849268164,9.57856862533758,2,"Authoritarian","Electoral autocracy"
"Iraq",9,1,3.94555555555556,16.8333333333333,NA,NA,13902.8171111111,"Electoral autocracy","Authoritarian",8,7907170214.85796,7907170214.85796,41,0.390243902439024,0.585365853658537,878574468.317551,4.55555555555556,1,20.5938112307154,22.7910358070399,9.53984676844813,2,"Authoritarian","Electoral autocracy"
"Ireland",9,3,8.99888888888889,73.5,0.231835124333333,0.31347667,87270.6147777778,"Liberal democracy","Democratic",0,0,0,0,NA,NA,0,0,0,0,0,11.3767690846814,0,"Democratic","Liberal democracy"
"Israel",9,3,7.78111111111111,61.5,0.452634678888889,0.387877145555556,42585.8748888889,"Liberal democracy","Democratic",7,2721378250.03222,2721378250.03222,20,0.55,0.1,302375361.114692,2.22222222222222,1,19.527179724462,21.7244042988585,10.659277901896,0,"Democratic","Liberal democracy"
"Italy",9,3,7.81,46.5,1.30000540555556,0.351106961111111,48415.1055555556,"Liberal democracy","Democratic",0,0,0,0,NA,NA,0,0,0,0,0,10.7875671422675,0,"Democratic","Liberal democracy"
"Jamaica",9,2.11111111111111,7.23222222222222,40.6666666666667,0.18291468,0.37924475,9793.84811111111,NA,NA,9,1560003694.39778,1560003694.39778,61,0.131147540983607,0.770491803278688,173333743.821976,6.77777777777778,1,18.9707294548418,21.1679540270498,9.18950972378088,0.888888888888889,NA,"Electoral democracy"
"Japan",9,3,8.02777777777778,73.8333333333333,0.72788787,0.3285473,43982.6957777778,"Liberal democracy","Democratic",0,0,0,0,NA,NA,0,0,0,0,0,10.6915515577686,0,"Democratic","Liberal democracy"
"Jordan",9,0,3.79777777777778,48.6666666666667,NA,NA,9555.21666666667,"Closed autocracy","Authoritarian",8,2024318333.34308,2024318333.34308,52,0.115384615384615,0.730769230769231,224924259.260342,5.77777777777778,1,19.231274282434,21.4284988558182,9.16484253215424,3,"Authoritarian","Closed autocracy"
"Kazakhstan",9,1,3.05666666666667,29,0.0270451236111111,0.276885738888889,31658.4761111111,"Electoral autocracy","Authoritarian",9,16942422225.009,16942422225.009,81,0.666666666666667,0.407407407407407,1882491358.33433,9,1,21.3558619276327,23.5530865044968,10.3627611993363,2,"Authoritarian","Electoral autocracy"
"Kenya",9,1.44444444444444,5.15777777777778,26.3333333333333,33.5142573333333,0.38574116,4876.03912222222,NA,NA,9,10554275502.5235,10554275502.529,108,0.305555555555556,0.777777777777778,1172697278.05816,12,1,20.8825722991917,23.0797968757699,8.49208851399437,1.55555555555556,NA,"Electoral autocracy"
"Kiribati",9,NA,NA,NA,1.6780767,0.27832702,2742.16316666667,NA,NA,3,161435167.085609,161435167.085609,47,0.0212765957446809,0.914893617021277,17937240.7872899,5.22222222222222,1,16.7023896562468,18.8996141840276,7.91650236479481,NA,NA,NA
"Kosovo",9,2,NA,35.1666666666667,0.713367552,0.27153,10617.4944444444,"Electoral democracy","Democratic",0,0,0,0,NA,NA,0,0,0,0,0,9.27025833894212,1,"Democratic","Electoral democracy"
"Kuwait",9,1,3.84444444444444,42.8333333333333,NA,NA,54483.8746666667,"Electoral autocracy","Authoritarian",0,0,0,0,NA,NA,0,0,0,0,0,10.9056600591951,2,"Authoritarian","Electoral autocracy"
"Kyrgyzstan",9,1,4.79222222222222,27.5,1.30031523777778,0.28213443,5713.60554444444,"Electoral autocracy","Authoritarian",9,2184106878.94235,2184106878.94235,70,0.128571428571429,0.785714285714286,242678542.104705,7.77777777777778,1,19.3072482576608,21.5044728313342,8.65060554723394,2,"Authoritarian","Electoral autocracy"
"Laos",9,0,2.15777777777778,27.3333333333333,7.1383624,0.38802433,7271.28148888889,"Closed autocracy","Authoritarian",9,16346393383.9725,16642788458.9675,196,0.285714285714286,0.755102040816326,1816265931.5525,21.7777777777778,1,21.3200485450347,23.5172731218815,8.89168782581747,3,"Authoritarian","Closed autocracy"
"Latin America and Caribbean (WB)",9,NA,NA,NA,NA,NA,18670.8674444444,NA,NA,0,0,0,0,NA,NA,0,0,0,0,0,9.83471969739777,NA,NA,NA
"Latvia",9,2.77777777777778,7.32,56.1666666666667,0.61140385,0.349175642222222,31508.5975555556,NA,NA,0,0,0,0,NA,NA,0,0,0,0,0,10.3580157258445,0.222222222222222,NA,"Liberal democracy"
"Lebanon",9,1,4.62222222222222,27.8333333333333,NA,NA,14926.6849444444,"Electoral autocracy","Authoritarian",9,407707598.691044,407707598.691044,50,0.02,0.96,45300844.2990049,5.55555555555556,1,17.6288362503014,19.8260608080157,9.61090582598887,2,"Authoritarian","Electoral autocracy"
"Lesotho",9,2,6.54666666666667,44,32.39991,0.44877714,2832.83228888889,"Electoral democracy","Democratic",9,294812187.259188,294812187.259188,72,0.0277777777777778,0.944444444444444,32756909.6954654,8,1,17.3046245113873,19.5018490615876,7.94903229895671,1,"Democratic","Electoral democracy"
"Liberia",9,2,5.21555555555556,35.3333333333333,26.7742545,0.34251615,1645.96614444444,"Electoral democracy","Democratic",9,875656843.194483,875656843.194483,113,0.0265486725663717,0.973451327433628,97295204.799387,12.5555555555556,1,18.3932602735825,20.5904848417827,7.40608281264422,1,"Democratic","Electoral democracy"
"Libya",9,0.222222222222222,2.61666666666667,16.1666666666667,NA,NA,13536.1848888889,NA,NA,4,10738123.9722934,10738123.9722934,7,0,1,1193124.88581038,0.777777777777778,1,13.9920872158907,16.1893110482182,9.51312174080184,2.77777777777778,NA,"Closed autocracy"
"Lithuania",9,2.33333333333333,7.42333333333333,58.5,0.765880372222222,0.366213265555556,39547.484,NA,NA,0,0,0,0,NA,NA,0,0,0,0,0,10.5852573554959,0.666666666666667,NA,"Electoral democracy"
"Low-income countries",9,NA,NA,NA,NA,NA,2307.07382222222,NA,NA,0,0,0,0,NA,NA,0,0,0,0,0,7.74373525689119,NA,NA,NA
"Lower-middle-income countries",9,NA,NA,NA,NA,NA,6949.42714444444,NA,NA,0,0,0,0,NA,NA,0,0,0,0,0,8.8464145099019,NA,NA,NA
"Luxembourg",9,3,8.80444444444444,81.8333333333333,0.151727138666667,0.331195756666667,133341.13,"Liberal democracy","Democratic",0,0,0,0,NA,NA,0,0,0,0,0,11.8006660107124,0,"Democratic","Liberal democracy"
"Macao",9,NA,NA,NA,NA,NA,124653.197333333,NA,NA,0,0,0,0,NA,NA,0,0,0,0,0,11.7332907391108,NA,NA,NA
"Madagascar",9,1,5.11444444444444,26.5,NA,NA,1639.41368888889,"Electoral autocracy","Authoritarian",9,581069773.298056,581069773.298056,89,0.0561797752808989,0.932584269662921,64563308.1442284,9.88888888888889,1,17.9831568374932,20.1803814010617,7.40209395012239,2,"Authoritarian","Electoral autocracy"
"Malawi",9,1.88888888888889,5.63555555555556,32.5,67.89816,0.41618195,1625.29516666667,NA,NA,9,637598675.955533,698868675.955256,144,0.0763888888888889,0.965277777777778,70844297.3283925,16,1,18.0759950456106,20.2732196103998,7.39344471929475,1.11111111111111,NA,"Electoral democracy"
"Malaysia",9,1,6.77333333333333,49.1666666666667,0.0160105735,0.410651075,28779.4561111111,"Electoral autocracy","Authoritarian",9,14637423686.1038,15654591844.863,143,0.265734265734266,0.713286713286713,1626380409.56709,15.8888888888889,1,21.2096227755472,23.4068473523369,10.2674170821082,2,"Authoritarian","Electoral autocracy"
"Maldives",9,1.33333333333333,NA,33.3333333333333,0,0.302853685,18953.3595555556,NA,NA,9,1743365709.249,1743365709.249,62,0.17741935483871,0.758064516129032,193707301.027667,6.88888888888889,1,19.0818588252798,21.2790833980272,9.84973648005099,1.66666666666667,NA,"Electoral autocracy"
"Mali",9,1.22222222222222,5.16333333333333,31.6666666666667,18.0340305,0.35808477,2318.63892222222,NA,NA,9,934957755.358323,934957755.358323,70,0.1,0.942857142857143,103884195.039814,7.77777777777778,1,18.4587873370872,20.6560119058669,7.74873562104538,1.77777777777778,NA,"Electoral autocracy"
"Malta",9,2,8.11222222222222,56,0.12871932575,0.29591211375,50331.9954444444,"Electoral democracy","Democratic",0,0,0,0,NA,NA,0,0,0,0,0,10.8263962462017,1,"Democratic","Electoral democracy"
"Marshall Islands",9,NA,NA,NA,0.85434437,0.35482943,5432.36266666667,NA,NA,9,3807512534.09383,3807512534.09383,43,1,0.0232558139534884,423056948.232648,4.77777777777778,1,19.8630173597042,22.0602419349393,8.60012943186013,NA,NA,NA
"Mauritania",9,1,3.97444444444444,28.8333333333333,5.922755,0.32308046,5956.63058888889,"Electoral autocracy","Authoritarian",9,782939966.994933,782939966.994933,92,0.0760869565217391,0.91304347826087,86993329.6661036,10.2222222222222,1,18.2813420146701,20.4785665817884,8.69226026276118,2,"Authoritarian","Electoral autocracy"
"Mauritius",9,2.11111111111111,8.19777777777778,52.3333333333333,0.12531371,0.36761206,23051.8494444444,NA,NA,9,508156821.464906,508156821.464906,81,0.111111111111111,0.802469135802469,56461869.0516563,9,1,17.8490761019495,20.0463006635426,10.0455012814075,0.888888888888889,NA,"Electoral democracy"
"Mexico",9,2,6.32666666666667,31.1666666666667,2.576856175,0.4659352275,21460.0678888889,"Electoral democracy","Democratic",9,1691349300.04976,1691349300.04976,68,0.323529411764706,0.602941176470588,187927700.005529,7.55555555555556,1,19.051567877709,21.2487924503153,9.97394917968802,1,"Democratic","Electoral democracy"
"Micronesia",9,NA,NA,NA,16.028437,0.4005239,3805.73595555556,NA,NA,9,135351312.908659,135351312.908659,76,0,0.973684210526316,15039034.7676288,8.44444444444444,1,16.5261597632359,18.7233842814666,8.24426466961016,NA,NA,NA
"Middle East and North Africa (WB)",9,NA,NA,NA,NA,NA,17840.5288888889,NA,NA,0,0,0,0,NA,NA,0,0,0,0,0,9.78922805193273,NA,NA,NA
"Middle-income countries",9,NA,NA,NA,NA,NA,11864.5408888889,NA,NA,0,0,0,0,NA,NA,0,0,0,0,0,9.381309473548,NA,NA,NA
"Moldova",9,2,6.04666666666667,32.8333333333333,0.024137175125,0.26506341625,13074.0584444444,"Electoral democracy","Democratic",9,31164962.7912504,31164962.7912504,25,0,0.76,3462773.64347227,2.77777777777778,1,15.0575807457465,17.2548050663842,9.47838527444297,1,"Democratic","Electoral democracy"
"Mongolia",9,2,6.53,37.8333333333333,0.581878386666667,0.323748376666667,14449.1480555556,"Electoral democracy","Democratic",9,4548448877.13389,19452252907.4599,163,0.263803680981595,0.662576687116564,505383208.570432,18.1111111111111,1,20.0408275303056,22.238052105883,9.57839073370944,1,"Democratic","Electoral democracy"
"Montenegro",9,1.11111111111111,5.83111111111111,44.3333333333333,2.26338975555556,0.371476454444444,22747.4263333333,NA,NA,9,1181389248.24812,1181389248.24812,25,0.16,0.8,131265472.027569,2.77777777777778,1,18.6927323422214,20.8899569127859,10.0322072897745,1.88888888888889,NA,"Electoral autocracy"
"Morocco",9,0,4.72666666666667,38.6666666666667,1.4431101,0.39548507,8293.26041111111,"Closed autocracy","Authoritarian",8,992249114.641926,992249114.641926,31,0.193548387096774,0.806451612903226,110249901.626881,3.44444444444444,1,18.5182601890879,20.7154847583617,9.0231984652739,3,"Authoritarian","Closed autocracy"
"Mozambique",9,1,4.06555555555556,27.8333333333333,69.584605,0.52115175,1489.92917777778,"Electoral autocracy","Authoritarian",9,3826736311.20888,3826736311.20888,77,0.220779220779221,0.818181818181818,425192923.467653,8.55555555555556,1,19.868053563813,22.0652781390587,7.30648386611707,2,"Authoritarian","Electoral autocracy"
"Myanmar",9,0.888888888888889,3.26888888888889,25.1666666666667,4.10407955,0.3438269,5590.63828888889,NA,NA,9,2345165485.84601,2345165485.84601,301,0.0963455149501661,0.857142857142857,260573942.871779,33.4444444444444,1,19.3783972325133,21.5756218064383,8.62884874368948,2.11111111111111,NA,"Electoral autocracy"
"Namibia",9,2,6.34777777777778,51,15.617013,0.5906661,11154.1543333333,"Electoral democracy","Democratic",8,481732068.253638,481732068.253638,116,0.0258620689655172,0.96551724137931,53525785.3615154,12.8888888888889,1,17.795674083813,19.9928986445425,9.31956729344453,1,"Democratic","Electoral democracy"
"Nauru",9,NA,NA,NA,NA,NA,11142.9953888889,NA,NA,1,16462.1774151902,16462.1774151902,1,0,1,1829.13082391002,0.111111111111111,1,7.51214273175571,9.70888149419144,9.31856636323461,NA,NA,NA
"Nepal",9,1.88888888888889,4.93777777777778,29.6666666666667,NA,NA,4060.74242222222,NA,NA,9,1276485869.60324,1276485869.60324,116,0.0603448275862069,0.939655172413793,141831763.289248,12.8888888888889,1,18.7701521546579,20.9673767257269,8.30912109849476,1.11111111111111,NA,"Electoral democracy"
"Netherlands",9,3,8.90111111111111,82.8333333333333,0.0816959335555556,0.278662548888889,65641.5144444444,"Liberal democracy","Democratic",0,0,0,0,NA,NA,0,0,0,0,0,11.091963616913,0,"Democratic","Liberal democracy"
"New Caledonia",9,NA,NA,NA,NA,NA,NA,NA,NA,0,0,0,0,NA,NA,0,0,0,0,0,NA,NA,NA,NA
"New Zealand",9,3,9.27111111111111,89.8333333333333,NA,NA,46062.303,"Liberal democracy","Democratic",0,0,0,0,NA,NA,0,0,0,0,0,10.7377501721247,0,"Democratic","Liberal democracy"
"Nicaragua",9,1,4.33111111111111,26.6666666666667,3.9410286,0.46156293,6854.61442222222,"Electoral autocracy","Authoritarian",3,38246522.720357,38246522.720357,4,0.5,1,4249613.63559522,0.444444444444444,1,15.2623388628119,17.4595632309788,8.83267734274447,2,"Authoritarian","Electoral autocracy"
"Niger",9,2,3.69222222222222,34.1666666666667,51.6948206666667,0.347995213333333,1529.55801111111,"Electoral democracy","Democratic",9,1635639914.30735,1635639914.30735,56,0.107142857142857,0.892857142857143,181737768.256372,6.22222222222222,1,19.0180753777882,21.2152999502334,7.33273409102542,1,"Democratic","Electoral democracy"
"Nigeria",9,1.88888888888889,4.20666666666667,26.6666666666667,31.5599635,0.3550376,5699.63957777778,NA,NA,9,10912558238.2977,11344447673.5074,120,0.3,0.708333333333333,1212506470.92197,13.3333333333333,1,20.9159555184293,23.1131800950324,8.64815821985461,1.11111111111111,NA,"Electoral democracy"
"Niue",9,NA,NA,NA,NA,NA,NA,NA,NA,4,15993203.8512682,15993203.8512682,5,0,1,1777022.65014091,0.555555555555556,1,14.3904504160752,16.5876744931991,NA,NA,NA,NA
"North America (WB)",9,NA,NA,NA,NA,NA,65285.4547777778,NA,NA,0,0,0,0,NA,NA,0,0,0,0,0,11.0865245458557,NA,NA,NA
"North Korea",9,0,1.08,11.1666666666667,NA,NA,NA,"Closed autocracy","Authoritarian",8,2801708137.22351,2801708137.22351,31,0,0.903225806451613,311300904.135946,3.44444444444444,1,19.5562705430078,21.7534951174886,NA,3,"Authoritarian","Closed autocracy"
"North Macedonia",9,1.55555555555556,5.88777777777778,40,4.29107427142857,0.346043637142857,20324.3684444444,NA,NA,8,1140214693.51798,1140214693.51798,39,0.102564102564103,0.846153846153846,126690521.501998,4.33333333333333,1,18.6572578398258,20.8544824101458,9.91957586108918,1.44444444444444,NA,"Electoral democracy"
"Northern Mariana Islands",9,NA,NA,NA,NA,NA,NA,NA,NA,0,0,0,0,NA,NA,0,0,0,0,0,NA,NA,NA,NA
"Norway",9,3,9.87666666666667,85.6666666666667,0.199532448571429,0.273417797142857,86615.9151111111,"Liberal democracy","Democratic",0,0,0,0,NA,NA,0,0,0,0,0,11.3692388549301,0,"Democratic","Liberal democracy"
"Oman",9,0,3.07,46.3333333333333,NA,NA,39122.9347777778,"Closed autocracy","Authoritarian",7,6644853339.51303,6644853339.37554,23,0.565217391304348,0.478260869565217,738317037.72367,2.55555555555556,1,20.4198838820831,22.6171084582154,10.5744641412167,3,"Authoritarian","Closed autocracy"
"Pakistan",9,1,4.36777777777778,30.6666666666667,5.80175966666667,0.301363686666667,4949.34947777778,"Electoral autocracy","Authoritarian",9,55820108063.1667,88374347494.7284,285,0.407017543859649,0.670175438596491,6202234229.24074,31.6666666666667,1,22.5481754237997,24.7454000009926,8.5070114282958,2,"Authoritarian","Electoral autocracy"
"Palau",9,NA,NA,NA,NA,NA,18655.6064444444,NA,NA,0,0,0,0,NA,NA,0,0,0,0,0,9.83390199353987,NA,NA,NA
"Palestine",9,NA,4.34333333333333,NA,0.5027174,0.3369004,6088.42675555556,NA,NA,0,0,0,0,NA,NA,0,0,0,0,0,8.71414499490928,NA,NA,NA
"Panama",9,2,7.07666666666667,37.1666666666667,1.723043225,0.503658425,30378.3415555556,"Electoral democracy","Democratic",9,547131377.054448,547131377.054448,62,0.129032258064516,0.870967741935484,60792375.228272,6.88888888888889,1,17.9229749480919,20.1201995108064,10.3214851846516,1,"Democratic","Electoral democracy"
"Papua New Guinea",9,1,6.08222222222222,26.6666666666667,NA,NA,4103.7431,"Electoral autocracy","Authoritarian",9,1798759482.5832,1798759482.5832,80,0.15,0.9,199862164.731467,8.88888888888889,1,19.1131385155819,21.3103630884706,8.31965478742542,2,"Authoritarian","Electoral autocracy"
"Paraguay",9,2,6.21666666666667,27.1666666666667,1.40990994555556,0.467426471111111,14867.4216111111,"Electoral democracy","Democratic",2,76217461.2662679,76217461.2662679,4,1,1,8468606.8073631,0.444444444444444,1,15.9518766856288,18.1491011580022,9.60692762906718,1,"Democratic","Electoral democracy"
"Peru",9,2,6.51333333333333,36.5,4.35242865555556,0.427849727777778,14732.1128888889,"Electoral democracy","Democratic",9,13865421167.9345,13865421167.9345,97,0.34020618556701,0.639175257731959,1540602351.99272,10.7777777777778,1,21.1554393152043,23.3526638919635,9.59778494037085,1,"Democratic","Electoral democracy"
"Philippines",9,1.55555555555556,6.68888888888889,35.6666666666667,6.70069733333333,0.38477223,8282.90884444444,NA,NA,9,5329914666.21571,5329914666.21571,170,0.158823529411765,0.788235294117647,592212740.690635,18.8888888888889,1,20.1993764892575,22.3966010650928,9.02194949540001,1.44444444444444,NA,"Electoral democracy"
"Poland",9,2.33333333333333,6.90222222222222,61,0.266185193333333,0.305004768888889,35207.6377777778,NA,NA,0,0,0,0,NA,NA,0,0,0,0,0,10.4690183203722,0.666666666666667,NA,"Electoral democracy"
"Portugal",9,3,7.83555555555556,63,0.422906111111111,0.34642544,37413.8882222222,"Liberal democracy","Democratic",0,0,0,0,NA,NA,0,0,0,0,0,10.5297972573121,0,"Democratic","Liberal democracy"
"Puerto Rico",9,NA,NA,NA,NA,NA,42017.7548888889,NA,NA,0,0,0,0,NA,NA,0,0,0,0,0,10.6458475433878,NA,NA,NA
"Qatar",9,0,3.24222222222222,65.6666666666667,0,0.35128385,118958.182,"Closed autocracy","Authoritarian",0,0,0,0,NA,NA,0,0,0,0,0,11.6865272985694,3,"Authoritarian","Closed autocracy"
"Romania",9,2,6.51777777777778,45.8333333333333,3.71217674444444,0.353598584444444,32761.8325555556,"Electoral democracy","Democratic",9,509246445.73749,509246445.73749,22,0.272727272727273,0.545454545454545,56582938.4152767,2.44444444444444,1,17.8512180739778,20.0484426356045,10.3970194752168,1,"Democratic","Electoral democracy"
"Russia",9,1,3.25555555555556,28.3333333333333,0.024093905,0.37980233125,36647.3807777778,"Electoral autocracy","Authoritarian",9,98583779737.8617,98886365613.2249,174,0.781609195402299,0.17816091954023,10953753304.2069,19.3333333333333,1,23.1169480020763,25.3141725793314,10.5090972389432,2,"Authoritarian","Electoral autocracy"
"Rwanda",9,1,3.18555555555556,53.5,52.876292,0.444104745,2382.4127,"Electoral autocracy","Authoritarian",9,724061218.079621,724061218.079621,73,0.0684931506849315,0.986301369863014,80451246.4532912,8.11111111111111,1,18.2031619372276,20.4003865035151,7.77586899267444,2,"Authoritarian","Electoral autocracy"
"Saint Kitts and Nevis",9,NA,NA,NA,NA,NA,28819.9305555556,NA,NA,0,0,0,0,NA,NA,0,0,0,0,0,10.2688224599585,NA,NA,NA
"Saint Lucia",9,NA,NA,62.4,5.222044,0.5122298,21056.3191111111,NA,NA,4,0,0,4,0,1,0,0.444444444444444,1,0,0,9.95495598936312,NA,NA,NA
"Saint Vincent and the Grenadines",9,NA,NA,60,NA,NA,15117.9931111111,NA,NA,0,0,0,0,NA,NA,0,0,0,0,0,9.6236409101774,NA,NA,NA
"Samoa",9,NA,NA,NA,1.1502274,0.38743454,6616.31096666667,NA,NA,9,129161936.920974,129161936.920974,99,0.0101010101010101,0.909090909090909,14351326.3245527,11,1,16.4793529923769,18.6765775077753,8.79729323781581,NA,NA,NA
"San Marino",9,NA,NA,NA,NA,NA,59684.6551111111,NA,NA,0,0,0,0,NA,NA,0,0,0,0,0,10.9968302330272,NA,NA,NA
"Sao Tome and Principe",9,2,NA,44,15.723551,0.4072948,5474.17465555556,"Electoral democracy","Democratic",5,130703696.294862,130703696.294862,63,0,0.936507936507937,14522632.9216514,7,1,16.4912189504728,18.6884434666019,8.60779679547737,1,"Democratic","Electoral democracy"
"Saudi Arabia",9,0,1.93888888888889,48.5,NA,NA,53660.5942222222,"Closed autocracy","Authoritarian",0,0,0,0,NA,NA,0,0,0,0,0,10.8904341977577,3,"Authoritarian","Closed autocracy"
"Senegal",9,2,5.98888888888889,43.8333333333333,9.574694,0.37236252,3811.70632222222,"Electoral democracy","Democratic",9,3205648534.34407,3205648534.34407,75,0.253333333333333,0.866666666666667,356183170.482675,8.33333333333333,1,19.6909556831296,21.8881802579702,8.24583222146589,1,"Democratic","Electoral democracy"
"Serbia",9,1.11111111111111,6.49666666666667,40.8333333333333,4.35798436666667,0.36976122,20172.6612222222,NA,NA,9,4973837717.43742,4973837717.43742,53,0.320754716981132,0.39622641509434,552648635.270824,5.88888888888889,1,20.1302329801,22.3274575558278,9.9120835618693,1.88888888888889,NA,"Electoral autocracy"
"Seychelles",9,2.55555555555556,NA,58,0.873531615,0.39473691,29545.1784444444,NA,NA,9,47605242.9975653,47605242.9975653,74,0,0.918918918918919,5289471.44417393,8.22222222222222,1,15.4812290718622,17.6784534811497,10.2936758435126,0.444444444444445,NA,"Liberal democracy"
"Sierra Leone",9,2,4.70111111111111,30,26.062035,0.35690176,2876.48626666667,"Electoral democracy","Democratic",9,3379218930.5501,3379218930.5501,139,0.0503597122302158,0.906474820143885,375468770.061123,15.4444444444444,1,19.743685859428,21.9409104343968,7.96432478197131,1,"Democratic","Electoral democracy"
"Singapore",9,1,6.16111111111111,84.6666666666667,NA,NA,114648.726111111,"Electoral autocracy","Authoritarian",0,0,0,0,NA,NA,0,0,0,0,0,11.6496281771132,2,"Authoritarian","Electoral autocracy"
"Sint Maarten (Dutch part)",9,NA,NA,NA,NA,NA,46827.3593333333,NA,NA,1,121312.399480383,121312.399480383,1,0,1,13479.1554978203,0.111111111111111,1,9.50897391984638,11.7061325544568,10.7542229122327,NA,NA,NA
"Slovakia",9,2.66666666666667,7.19,49.8333333333333,0.425126504444444,0.250672315555556,34940.8283333333,NA,NA,0,0,0,0,NA,NA,0,0,0,0,0,10.4614112907148,0.333333333333333,NA,"Liberal democracy"
"Slovenia",9,2.88888888888889,7.56777777777778,59.5,0.002956646,0.24846195,41502.1393333333,NA,NA,0,0,0,0,NA,NA,0,0,0,0,0,10.6335002550909,0.111111111111111,NA,"Liberal democracy"
"Solomon Islands",9,2,NA,41.6666666666667,NA,NA,2662.7675,"Electoral democracy","Democratic",3,162027285.246963,162027285.246963,38,0,0.921052631578947,18003031.694107,4.22222222222222,1,16.7060507846747,18.9032753126365,7.88712127445453,1,"Democratic","Electoral democracy"
"Somalia",9,0,NA,8.83333333333333,NA,NA,1388.26585555556,"Closed autocracy","Authoritarian",8,46636644.9472521,46636644.9472521,42,0,1,5181849.43858357,4.66666666666667,1,15.4606727779709,17.6578971837682,7.23581066131027,3,"Authoritarian","Closed autocracy"
"South Africa",9,2,7.39,43.5,20.492558,0.630258,14327.774,"Electoral democracy","Democratic",9,17062832312.8828,17062832312.8828,249,0.526104417670683,0.449799196787149,1895870256.98698,27.6666666666667,1,21.3629438091061,23.5601683859734,9.56995517030515,1,"Democratic","Electoral democracy"
"South Asia (WB)",9,NA,NA,NA,NA,NA,6678.6733,NA,NA,0,0,0,0,NA,NA,0,0,0,0,0,8.80667463902112,NA,NA,NA
"South Korea",9,3,8.02,54.6666666666667,0.13886104,0.334008754285714,44607.8304444444,"Liberal democracy","Democratic",0,0,0,0,NA,NA,0,0,0,0,0,10.7056646931007,0,"Democratic","Liberal democracy"
"South Sudan",9,0,NA,13.3333333333333,67.32727,0.44057786,NA,"Closed autocracy","Authoritarian",9,5640093553.97407,5640093553.93552,142,0.0633802816901408,0.936619718309859,626677061.552675,15.7777777777778,1,20.2559419141624,22.4531664900802,NA,3,"Authoritarian","Closed autocracy"
"Spain",9,3,8.13111111111111,58.3333333333333,0.857044831111111,0.351767222222222,43551.776,"Liberal democracy","Democratic",0,0,0,0,NA,NA,0,0,0,0,0,10.681705762161,0,"Democratic","Liberal democracy"
"Sri Lanka",9,1.77777777777778,6.16666666666667,37.3333333333333,1.12696508,0.38504775,13834.8598888889,NA,NA,9,12674787384.9632,12674728828.9543,171,0.210526315789474,0.865497076023392,1408309709.44035,19,1,21.0656560352949,23.262880612,9.53494676487584,1.22222222222222,NA,"Electoral democracy"
"St. Kitts and Nevis",9,NA,NA,NA,NA,NA,NA,NA,NA,0,0,0,0,NA,NA,0,0,0,0,0,NA,NA,NA,NA
"St. Martin (French part)",9,NA,NA,NA,NA,NA,NA,NA,NA,0,0,0,0,NA,NA,0,0,0,0,0,NA,NA,NA,NA
"St. Vincent and the Grenadines",9,NA,NA,NA,NA,NA,NA,NA,NA,0,0,0,0,NA,NA,0,0,0,0,0,NA,NA,NA,NA
"Sub-Saharan Africa (WB)",9,NA,NA,NA,NA,NA,4311.48467777778,NA,NA,0,0,0,0,NA,NA,0,0,0,0,0,8.36903759658293,NA,NA,NA
"Sudan",9,0.777777777777778,2.42555555555556,13.3333333333333,15.26306,0.3424273,3869.46318888889,NA,NA,9,531194738.183478,531194738.183478,84,0.0714285714285714,0.904761904761905,59021637.575942,9.33333333333333,1,17.8934146901561,20.0906392524319,8.26087106552116,2.22222222222222,NA,"Electoral autocracy"
"Suriname",9,2,6.82666666666667,39.5,NA,NA,22204.633,"Electoral democracy","Democratic",9,1122113466.81274,2105141380.993,71,0.28169014084507,0.732394366197183,124679274.090304,7.88888888888889,1,18.6412551986847,20.8384797688915,10.0080562397806,1,"Democratic","Electoral democracy"
"Sweden",9,3,9.44333333333333,87,0.47384026,0.291854178888889,59902.726,"Liberal democracy","Democratic",0,0,0,0,NA,NA,0,0,0,0,0,11.00047729225,0,"Democratic","Liberal democracy"
"Switzerland",9,3,9.02,85.5,0.0281076785,0.329863625,78490.82,"Liberal democracy","Democratic",0,0,0,0,NA,NA,0,0,0,0,0,11.270736954257,0,"Democratic","Liberal democracy"
"Syria",9,0,1.51222222222222,15.8333333333333,NA,NA,5015.80736666667,"Closed autocracy","Authoritarian",9,73629376.2164701,73629376.2164701,44,0,1,8181041.80183001,4.88888888888889,1,15.9173301823401,18.1145546510241,8.52034967780073,3,"Authoritarian","Closed autocracy"
"Taiwan",9,3,7.99555555555556,61.8333333333333,0,0.316162437142857,NA,"Liberal democracy","Democratic",0,0,0,0,NA,NA,0,0,0,0,0,NA,0,"Democratic","Liberal democracy"
"Tajikistan",9,1,2.04333333333333,23.6666666666667,6.114529,0.3399559,3348.42616666667,"Electoral autocracy","Authoritarian",9,3681038020.04171,3681038020.04171,99,0.343434343434343,0.707070707070707,409004224.449078,11,1,19.829236045125,22.026460620288,8.11624571343302,2,"Authoritarian","Electoral autocracy"
"Tanzania",9,1,5.45777777777778,33,44.94932,0.4049123,3268.63624444444,"Electoral autocracy","Authoritarian",9,1505142199.67488,1505142199.66994,144,0.0833333333333333,0.9375,167238022.186098,16,1,18.9349286441609,21.132153216182,8.09212812627289,2,"Authoritarian","Electoral autocracy"
"Thailand",9,0.111111111111111,5.47888888888889,36.5,0.0509667822222222,0.36146458,19688.7757777778,NA,NA,9,1889254718.5189,1978102919.36805,58,0.241379310344828,0.741379310344828,209917190.946544,6.44444444444444,1,19.1622236868515,21.3594482599532,9.8878039948794,2.88888888888889,NA,"Closed autocracy"
"Timor-Leste",9,NA,NA,NA,NA,NA,NA,NA,NA,9,17098708.9544775,17098708.9544775,76,0,0.973684210526316,1899856.5504975,8.44444444444444,1,14.4572894679037,16.6545135773684,NA,NA,NA,NA
"Togo",9,1,3.18666666666667,30.6666666666667,36.5729283333333,0.411384453333333,2390.50186666667,"Electoral autocracy","Authoritarian",9,542088760.571909,542088760.571909,71,0.126760563380282,0.971830985915493,60232084.5079899,7.88888888888889,1,17.913715750155,20.1109403127335,7.77925860893457,2,"Authoritarian","Electoral autocracy"
"Tonga",9,NA,NA,NA,0.905116745,0.303085345,6616.25753333333,NA,NA,9,89524018.4399861,89524018.4399861,78,0,0.948717948717949,9947113.15999846,8.66666666666667,1,16.1127930328957,18.3100175208705,8.79728516178229,NA,NA,NA
"Trinidad and Tobago",9,2.88888888888889,7.09555555555556,38.6666666666667,NA,NA,35540.3838888889,NA,NA,8,422013844.848617,422013844.848617,33,0.0909090909090909,0.878787878787879,46890427.2054019,3.66666666666667,1,17.6633241231504,19.8605486815299,10.478424903251,0.111111111111111,NA,"Liberal democracy"
"Tunisia",9,2,6.35777777777778,40.8333333333333,0.206897595,0.33266154,12683.171,"Electoral democracy","Democratic",8,293765970.793138,293765970.793138,29,0.103448275862069,0.96551724137931,32640663.4214598,3.22222222222222,1,17.3010694439026,19.4982939940063,9.44803127559106,1,"Democratic","Electoral democracy"
"Turkey",9,1,4.78666666666667,43.1666666666667,0.326459504444444,0.425955708888889,27409.4037777778,"Electoral autocracy","Authoritarian",9,24391461174.8795,24391290386.4842,127,0.889763779527559,0.244094488188976,2710162352.76439,14.1111111111111,1,21.7202743791817,23.9174989561899,10.2186414370638,2,"Authoritarian","Electoral autocracy"
"Turkmenistan",9,0.444444444444444,1.75,18.8333333333333,NA,NA,14111.1993333333,NA,NA,6,1617933.04165748,1617933.04165748,17,0,0.823529411764706,179770.337961942,1.88888888888889,1,12.0994409776447,14.2966606104158,9.55472404005347,2.55555555555556,NA,"Closed autocracy"
"Turks and Caicos Islands",9,NA,NA,NA,NA,NA,25809.8562222222,NA,NA,0,0,0,0,NA,NA,0,0,0,0,0,10.1585117220742,NA,NA,NA
"Tuvalu",9,NA,NA,NA,NA,NA,4516.41833333333,NA,NA,0,0,0,0,NA,NA,0,0,0,0,0,8.41547455457838,NA,NA,NA
"Uganda",9,1,5.07222222222222,25.6666666666667,42.488603,0.427280725,2575.07858888889,"Electoral autocracy","Authoritarian",9,3822313594.3479,3822313594.3479,113,0.106194690265487,0.902654867256637,424701510.4831,12.5555555555556,1,19.8668971542202,22.0641217294634,7.85363533258896,2,"Authoritarian","Electoral autocracy"
"Ukraine",9,1.33333333333333,5.70222222222222,28.1666666666667,0.03865499675,0.2542593225,16888.1415,NA,NA,9,1614966556.31692,1614966556.29654,60,0.1,0.766666666666667,179440728.479658,6.66666666666667,1,19.0053555134804,21.2025800858629,9.73436696822352,1.66666666666667,NA,"Electoral autocracy"
"United Arab Emirates",9,0,2.71888888888889,69.3333333333333,0,0.29454712,68869.4643333333,"Closed autocracy","Authoritarian",0,0,0,0,NA,NA,0,0,0,0,0,11.1399681705694,3,"Authoritarian","Closed autocracy"
"United Kingdom",9,3,8.39,79.6666666666667,0.33104784,0.329380982222222,52057.8351111111,"Liberal democracy","Democratic",0,0,0,0,NA,NA,0,0,0,0,0,10.8601105931874,0,"Democratic","Liberal democracy"
"United States",9,3,7.99111111111111,73.8333333333333,0.915618693333333,0.408895928888889,66426.9178888889,"Liberal democracy","Democratic",0,0,0,0,NA,NA,0,0,0,0,0,11.1038576432091,0,"Democratic","Liberal democracy"
"United States Virgin Islands",9,NA,NA,NA,NA,NA,44191.5368888889,NA,NA,0,0,0,0,NA,NA,0,0,0,0,0,10.6962885766304,NA,NA,NA
"Upper-middle-income countries",9,NA,NA,NA,NA,NA,16974.2753333333,NA,NA,0,0,0,0,NA,NA,0,0,0,0,0,9.73945426128491,NA,NA,NA
"Uruguay",9,3,8.33555555555555,71.8333333333333,0.123662834888889,0.400162017777778,29204.263,"Liberal democracy","Democratic",9,292542289.791365,292542289.791365,58,0.137931034482759,0.810344827586207,32504698.8657072,6.44444444444444,1,17.2968952480973,19.494119798087,10.2820699707511,0,"Democratic","Liberal democracy"
"Uzbekistan",9,0.666666666666667,2.03111111111111,20,NA,NA,8048.75804444444,NA,NA,9,9161325645.72331,9161325645.72331,94,0.574468085106383,0.702127659574468,1017925071.74703,10.4444444444444,1,20.7410321499564,22.9382567264193,8.99327307831696,2.33333333333333,NA,"Electoral autocracy"
"Vanuatu",9,2,NA,44.5,9.963333,0.32317576,3340.50061111111,"Electoral democracy","Democratic",8,419350014.124452,419350014.124452,82,0.048780487804878,0.926829268292683,46594446.013828,9.11111111111111,1,17.656991929202,19.8542164874611,8.11387595830553,1,"Democratic","Electoral democracy"
"Venezuela",9,1,3.84444444444444,18.1666666666667,NA,NA,NA,"Electoral autocracy","Authoritarian",9,48516548348.6786,48516548348.4313,81,0.333333333333333,0.506172839506173,5390727594.29762,9,1,22.4079462026081,24.6051707797795,NA,2,"Authoritarian","Electoral autocracy"
"Vietnam",9,0.333333333333333,3.19222222222222,32.3333333333333,1.265177525,0.35631957,10313.7386666667,NA,NA,9,14104217895.3633,14104217895.3633,93,0.741935483870968,0.344086021505376,1567135321.70703,10.3333333333333,1,21.1725151544136,23.3697397311827,9.24123213656124,2.66666666666667,NA,"Closed autocracy"
"Virgin Islands (U.S.)",9,NA,NA,NA,NA,NA,NA,NA,NA,0,0,0,0,NA,NA,0,0,0,0,0,NA,NA,NA,NA
"West Bank and Gaza Strip",9,NA,NA,NA,NA,NA,NA,NA,NA,7,31176882.5028036,31176882.5028036,27,0,0.925925925925926,3464098.05586707,3,1,15.0579631440602,17.2551874647961,NA,NA,NA,NA
"World",9,NA,5.46666665555556,NA,9.91907588888889,NA,18399.4125555556,NA,NA,0,0,0,0,NA,NA,0,0,0,0,0,9.82007401675892,NA,NA,NA
"Yemen",9,0.333333333333333,2.19555555555556,16.5,19.802757,0.36707094,NA,NA,NA,7,202731764.530251,202731764.530251,28,0,0.964285714285714,22525751.6144724,3.11111111111111,1,16.9301697733077,19.1273943111829,NA,2.66666666666667,NA,"Closed autocracy"
"Zambia",9,1,5.76444444444444,37.3333333333333,60.793095,0.5583758,3560.17326666667,"Electoral autocracy","Authoritarian",9,11584552417.8385,11584552417.8385,146,0.458904109589041,0.671232876712329,1287172490.87094,16.2222222222222,1,20.9757137828974,23.1729383595431,8.1775644930737,2,"Authoritarian","Electoral autocracy"
"Zimbabwe",9,1,3.01222222222222,21.5,36.9802865,0.47296766,3328.92248888889,"Electoral autocracy","Authoritarian",9,3100130978.78795,3100130978.78795,113,0.123893805309735,0.920353982300885,344458997.643105,12.5555555555556,1,19.6574856243338,21.8547101990894,8.11040395370194,2,"Authoritarian","Electoral autocracy"
