"term","estimate","std.error","statistic","p.value","model"
"(Intercept)",15.345903067256,0.0997989445650844,153.768189975678,0,"M1_bivariate_HC1"
"strategic_family",3.57624192117094,0.138415908467939,25.8369284336945,0.00000000000000000000000000000000000000000000000000000000000000000000000000000000000000000000000000000000000000000000000801947711095144,"M1_bivariate_HC1"
"(Intercept)",13.0523079480098,3.05969000866128,4.26589226721062,0.0000274757678178878,"M2_controls_HC1"
"strategic_family",3.40767766093512,0.325683108294475,10.4631697934238,0.000000000000000000000915544182193292,"M2_controls_HC1"
"log_gdp_pc",0.362770884248305,0.347716249962256,1.04329574556174,0.297734307775421,"M2_controls_HC1"
"cpi",-0.0352203575270245,0.01400635374956,-2.51459859980553,0.0124919592901094,"M2_controls_HC1"
"extreme_poverty",-0.00419503870727395,0.018435202213645,-0.227555882417659,0.820161846224787,"M2_controls_HC1"
"gini",2.02164971351303,2.50310495551127,0.807656790044627,0.419991338933433,"M2_controls_HC1"
"(Intercept)",94.2730333748837,59.276101450497,1.59040542593061,0.113405939759964,"M3_country_year_FE_cluster_entity"
"strategic_family",3.36353315181349,0.525312352051319,6.4029203552497,0.00000000116524386308012,"M3_country_year_FE_cluster_entity"
"log_gdp_pc",-7.95836303185877,5.94413888387899,-1.3388588637191,0.182216286572313,"M3_country_year_FE_cluster_entity"
"cpi",-0.0260656643296339,0.0640230862789966,-0.407129144259717,0.684371432221723,"M3_country_year_FE_cluster_entity"
"extreme_poverty",-0.0231349174758309,0.0996631046520211,-0.232131214019548,0.81668593654003,"M3_country_year_FE_cluster_entity"
"gini",-9.62772822818661,21.3639973125095,-0.450652005210147,0.652754214742305,"M3_country_year_FE_cluster_entity"
"factor(entity)Angola",1.31927354498579,4.09705185672233,0.322005576478404,0.747802474506423,"M3_country_year_FE_cluster_entity"
"factor(entity)Armenia",1.55206663440016,0.508939178051839,3.04961123319547,0.00261846347065248,"M3_country_year_FE_cluster_entity"
"factor(entity)Bangladesh",-3.22283865740237,5.46398358539644,-0.589833151405512,0.556003293181569,"M3_country_year_FE_cluster_entity"
"factor(entity)Belarus",6.66385984036904,3.53576062818883,1.88470333292403,0.0609966539214282,"M3_country_year_FE_cluster_entity"
"factor(entity)Benin",-8.4170799261325,8.7419290743376,-0.962840107092757,0.336851568338463,"M3_country_year_FE_cluster_entity"
"factor(entity)Bolivia",-1.00519835786736,3.01118579265223,-0.33382143350975,0.738882449136815,"M3_country_year_FE_cluster_entity"
"factor(entity)Botswana",5.92707403712488,5.03809100482281,1.17645235694454,0.240885994392233,"M3_country_year_FE_cluster_entity"
"factor(entity)Brazil",7.83136770668137,4.85164912993183,1.61416613134005,0.10815090181892,"M3_country_year_FE_cluster_entity"
"factor(entity)Bulgaria",6.22507743087048,4.26486921620561,1.45961742677044,0.146046627091588,"M3_country_year_FE_cluster_entity"
"factor(entity)Burkina Faso",-8.8959670554216,10.4277298715515,-0.853106780191074,0.394674268067118,"M3_country_year_FE_cluster_entity"
"factor(entity)Burundi",-20.259053131808,15.5749767412271,-1.30074371656569,0.194921562930595,"M3_country_year_FE_cluster_entity"
"factor(entity)Cameroon",-8.95487333835323,6.15448149797816,-1.45501669658038,0.147314772341588,"M3_country_year_FE_cluster_entity"
"factor(entity)Chad",-11.6772468048017,12.1815440893854,-0.958601530242531,0.338977738704004,"M3_country_year_FE_cluster_entity"
"factor(entity)Chile",7.89931728059696,6.2988655983006,1.25408570119803,0.211351570722275,"M3_country_year_FE_cluster_entity"
"factor(entity)Colombia",1.63473203331668,3.97740728857893,0.411004434474385,0.681532461012764,"M3_country_year_FE_cluster_entity"
"factor(entity)Comoros",-8.96024833003878,7.84168858971912,-1.1426427136862,0.254624772179874,"M3_country_year_FE_cluster_entity"
"factor(entity)Costa Rica",6.24685617489953,5.09800545851788,1.22535297887179,0.22195905062921,"M3_country_year_FE_cluster_entity"
"factor(entity)Cote d'Ivoire",-4.41379109952332,5.55038196791905,-0.79522294592243,0.42747611330221,"M3_country_year_FE_cluster_entity"
"factor(entity)Djibouti",-3.24830120339107,5.91904617203817,-0.54878794808802,0.58379529184708,"M3_country_year_FE_cluster_entity"
"factor(entity)Ecuador",3.19962994492772,2.48043076052107,1.2899493087465,0.198636083984597,"M3_country_year_FE_cluster_entity"
"factor(entity)Egypt",-0.787459359590525,0.817456539679757,-0.963304250889002,0.336619269031747,"M3_country_year_FE_cluster_entity"
"factor(entity)El Salvador",-0.370448526073545,2.22555175450278,-0.166452442781457,0.867977907292299,"M3_country_year_FE_cluster_entity"
"factor(entity)Ethiopia",-12.1135389189504,11.3714907316215,-1.06525513715325,0.288112326710092,"M3_country_year_FE_cluster_entity"
"factor(entity)Georgia",3.10328558899525,1.86881371323529,1.66056443561881,0.0984503136527058,"M3_country_year_FE_cluster_entity"
"factor(entity)Ghana",-4.61434621981288,4.94673626423236,-0.932806192474248,0.352103898964658,"M3_country_year_FE_cluster_entity"
"factor(entity)Guinea",-7.66534989354346,9.04345096360729,-0.847613364012301,0.397719794212088,"M3_country_year_FE_cluster_entity"
"factor(entity)Guinea-Bissau",-15.9034576310525,11.1991144527592,-1.42006385398929,0.157227860900308,"M3_country_year_FE_cluster_entity"
"factor(entity)Honduras",-3.43248651657452,5.27840195863511,-0.650288959323987,0.516291114403,"M3_country_year_FE_cluster_entity"
"factor(entity)India",-5.84543355174025,4.08840790952029,-1.42975791092873,0.154428767539915,"M3_country_year_FE_cluster_entity"
"factor(entity)Indonesia",2.25428462887135,1.39657070017411,1.61415718415853,0.108152843422393,"M3_country_year_FE_cluster_entity"
"factor(entity)Iran",3.99226888430846,0.895341972926621,4.45893189979562,0.0000140682801159514,"M3_country_year_FE_cluster_entity"
"factor(entity)Israel",14.6403130661127,7.37437200697796,1.98529624654946,0.048550066860477,"M3_country_year_FE_cluster_entity"
"factor(entity)Jamaica",0.469114066633488,2.2970223337828,0.204227037645271,0.838394674825822,"M3_country_year_FE_cluster_entity"
"factor(entity)Kazakhstan",6.39243857564563,4.55412369511785,1.40365940927307,0.162052584053311,"M3_country_year_FE_cluster_entity"
"factor(entity)Kenya",-5.83016147005619,6.19807655572951,-0.940640441858819,0.348083510479564,"M3_country_year_FE_cluster_entity"
"factor(entity)Kyrgyzstan",-7.49703493111746,5.99669089040632,-1.25019532741156,0.212765790921568,"M3_country_year_FE_cluster_entity"
"factor(entity)Laos",-5.70550025935971,3.79125353575328,-1.50491129267779,0.134007432186401,"M3_country_year_FE_cluster_entity"
"factor(entity)Lesotho",-14.7291475935269,8.75742062788656,-1.68190477760362,0.0942301169496641,"M3_country_year_FE_cluster_entity"
"factor(entity)Liberia",-17.286166711734,12.1552871442054,-1.42211093054882,0.156633576229346,"M3_country_year_FE_cluster_entity"
"factor(entity)Malawi",-12.2865288278079,12.4989313424804,-0.983006345994505,0.326854394449063,"M3_country_year_FE_cluster_entity"
"factor(entity)Malaysia",10.3424320856935,4.98911787290759,2.07299814298956,0.0395217821287829,"M3_country_year_FE_cluster_entity"
"factor(entity)Maldives",2.30819404231101,1.91831617910042,1.20323962621919,0.230380713960377,"M3_country_year_FE_cluster_entity"
"factor(entity)Mauritania",-3.02665681442184,5.16709075569331,-0.585756464812805,0.558734310215031,"M3_country_year_FE_cluster_entity"
"factor(entity)Mauritius",1.06199711800256,3.60968163914826,0.294207972937233,0.768920155566742,"M3_country_year_FE_cluster_entity"
"factor(entity)Mexico",4.97837477129503,3.8744299387575,1.28493090596227,0.20038064913699,"M3_country_year_FE_cluster_entity"
"factor(entity)Moldova",-3.8975217599571,1.88141592781105,-2.07158964817083,0.0396545629623603,"M3_country_year_FE_cluster_entity"
"factor(entity)Mongolia",2.80895532588224,0.324304660274872,8.66147074020288,0.00000000000000199728648791811,"M3_country_year_FE_cluster_entity"
"factor(entity)Montenegro",3.42449836738703,3.29510018441107,1.03926987822347,0.299999963951801,"M3_country_year_FE_cluster_entity"
"factor(entity)Mozambique",-12.0398759562389,12.6217005881237,-0.953902833629866,0.341344837178852,"M3_country_year_FE_cluster_entity"
"factor(entity)Myanmar",-6.64570656674442,5.56792683319347,-1.19356930610613,0.234134648627823,"M3_country_year_FE_cluster_entity"
"factor(entity)Niger",-18.9575186770822,13.2351535635445,-1.43236106676538,0.153683661934131,"M3_country_year_FE_cluster_entity"
"factor(entity)Nigeria",-5.35295513029027,5.82081278245669,-0.919623312129795,0.358935691093585,"M3_country_year_FE_cluster_entity"
"factor(entity)North Macedonia",5.68666119341709,2.21812305917702,2.56372664712615,0.0111288129074788,"M3_country_year_FE_cluster_entity"
"factor(entity)Pakistan",-5.44879573883595,6.70570147631477,-0.812561632527434,0.417486380360769,"M3_country_year_FE_cluster_entity"
"factor(entity)Panama",8.36329928142462,6.42871288659191,1.30092903960101,0.194858241883738,"M3_country_year_FE_cluster_entity"
"factor(entity)Paraguay",-0.0398481254659569,2.83221058276951,-0.0140696195785664,0.988789200762377,"M3_country_year_FE_cluster_entity"
"factor(entity)Peru",3.27830122806607,2.21299171277886,1.48138884078761,0.140159478217223,"M3_country_year_FE_cluster_entity"
"factor(entity)Philippines",-1.72879280094827,2.90595865962892,-0.594913074630261,0.552609410498616,"M3_country_year_FE_cluster_entity"
"factor(entity)Romania",7.06227096129039,4.73187158940604,1.49248998580219,0.137229336264715,"M3_country_year_FE_cluster_entity"
"factor(entity)Russia",12.4251158442276,5.88018733213955,2.11304761947213,0.0359023096148749,"M3_country_year_FE_cluster_entity"
"factor(entity)Rwanda",-12.2699502702584,10.4423622665013,-1.17501672103639,0.241458462957448,"M3_country_year_FE_cluster_entity"
"factor(entity)Senegal",-7.39327757086091,7.50259543784883,-0.985429326705205,0.325666435386069,"M3_country_year_FE_cluster_entity"
"factor(entity)Serbia",3.07740246325877,2.41639842211217,1.27354927693125,0.204379011439367,"M3_country_year_FE_cluster_entity"
"factor(entity)Seychelles",7.72868062293838,5.52602010762005,1.39859799139728,0.163563712103184,"M3_country_year_FE_cluster_entity"
"factor(entity)Sierra Leone",-14.1635775183422,9.86714836972079,-1.43542764207396,0.152809448669396,"M3_country_year_FE_cluster_entity"
"factor(entity)Sri Lanka",3.78354712039032,1.2555975380321,3.01334385086504,0.00293616170043877,"M3_country_year_FE_cluster_entity"
"factor(entity)Sudan",-9.23921917752005,7.32608631455179,-1.26113982020226,0.208804766792771,"M3_country_year_FE_cluster_entity"
"factor(entity)Tanzania",-8.31234128429049,8.66304064903352,-0.959517751451143,0.338517406722141,"M3_country_year_FE_cluster_entity"
"factor(entity)Thailand",1.96404452472934,2.21264030028113,0.887647451996512,0.375852687513266,"M3_country_year_FE_cluster_entity"
"factor(entity)Togo",-12.0629280285437,10.2138232691334,-1.18103943162971,0.239063329733601,"M3_country_year_FE_cluster_entity"
"factor(entity)Tunisia",-0.773627245970282,0.833664530961705,-0.927983879892114,0.354593292294166,"M3_country_year_FE_cluster_entity"
"factor(entity)Turkey",8.84406347111797,4.68131091635296,1.8892279596776,0.0603844542016495,"M3_country_year_FE_cluster_entity"
"factor(entity)Uganda",-11.156107389695,9.63484918343558,-1.15789123184977,0.248361865599735,"M3_country_year_FE_cluster_entity"
"factor(entity)Ukraine",1.88325829064396,2.07803533353693,0.90626865686569,0.365941533118474,"M3_country_year_FE_cluster_entity"
"factor(entity)Uruguay",7.90701793338057,5.82952518394809,1.3563742644346,0.176589691624612,"M3_country_year_FE_cluster_entity"
"factor(entity)Vietnam",-0.0546013186509716,2.21836724768823,-0.0246132910174688,0.980389248729767,"M3_country_year_FE_cluster_entity"
"factor(entity)Zambia",-3.68627796779201,8.07765344548532,-0.456355053193364,0.648655905491724,"M3_country_year_FE_cluster_entity"
"factor(entity)Zimbabwe",-8.47081498377603,8.04841605485635,-1.05248224321912,0.293915026599705,"M3_country_year_FE_cluster_entity"
"factor(year)2014",-0.430781244347465,0.693667542886814,-0.621019750404778,0.535330921590443,"M3_country_year_FE_cluster_entity"
"factor(year)2015",0.377167138655833,0.597547389546036,0.631192011302017,0.528673569322599,"M3_country_year_FE_cluster_entity"
"factor(year)2016",0.648505071576065,0.729146463246355,0.889403027052681,0.374911209869145,"M3_country_year_FE_cluster_entity"
"factor(year)2017",0.947988294097716,0.752608901186527,1.25960281974232,0.209357763466723,"M3_country_year_FE_cluster_entity"
"factor(year)2018",0.86726927002139,0.872045854178765,0.994522553906442,0.321233404352608,"M3_country_year_FE_cluster_entity"
"(Intercept)",19.5246935352738,0.151219642776327,129.114797368972,0.0000000000000000000000000000000000000000000000000000000000000000000000000000000000000000000000000000000000000000000000000000000000000000000000000000000000000000000000000000000000000000000000000000000000000000000000000000000000000000000000000000000000000000000000000000000000000000000000000000000000000000000000000000000287447392750437,"M4_country_year_pair_FE_cluster_entity"
"strategic_family",2.9067605743569,0.302439285552656,9.61105489005932,0.0000000000000000000938980467933784,"M4_country_year_pair_FE_cluster_entity"
"factor(entity_year)Angola__2014",-4.66719213041284,0.00000000000000502818963327776,-928205272833038,0,"M4_country_year_pair_FE_cluster_entity"
"factor(entity_year)Angola__2015",-0.161530610747123,0.00000000000000474829350796666,-34018665964121.2,0,"M4_country_year_pair_FE_cluster_entity"
"factor(entity_year)Angola__2016",1.07906698633305,0.00000000000000707477021278207,152523255721223,0,"M4_country_year_pair_FE_cluster_entity"
"factor(entity_year)Angola__2017",-1.43418176605818,0.000000000000021673066775889,-66173457632386.6,0,"M4_country_year_pair_FE_cluster_entity"
"factor(entity_year)Angola__2018",-1.10515556322664,0.0000000000000101481130574939,-108902567104388,0,"M4_country_year_pair_FE_cluster_entity"
"factor(entity_year)Angola__2020",-5.03897691033046,0.00000000000000258554875195582,-1948900366515527,0,"M4_country_year_pair_FE_cluster_entity"
"factor(entity_year)Antigua and Barbuda__2013",-4.2221352481763,0.00000000000000324535007580024,-1300979909581928,0,"M4_country_year_pair_FE_cluster_entity"
"factor(entity_year)Antigua and Barbuda__2018",-4.20076639978167,0.00000000000000552705641904506,-760036822730219,0,"M4_country_year_pair_FE_cluster_entity"
"factor(entity_year)Argentina__2016",-1.89779666353771,0.0000000000000150085946240372,-126447326420441,0,"M4_country_year_pair_FE_cluster_entity"
"factor(entity_year)Argentina__2018",-2.93305809057798,0.00000000000000565680877684284,-518500484334025,0,"M4_country_year_pair_FE_cluster_entity"
"factor(entity_year)Argentina__2020",-4.60146669826948,0.00000000000000358726052177713,-1282724427271291,0,"M4_country_year_pair_FE_cluster_entity"
"factor(entity_year)Argentina__2021",-4.4270185077241,0.00000000000000412257448355274,-1073848034859274,0,"M4_country_year_pair_FE_cluster_entity"
"factor(entity_year)Azerbaijan__2021",-4.15084896487729,0.000000000000020927169258315,-198347369089493,0,"M4_country_year_pair_FE_cluster_entity"
"factor(entity_year)Bangladesh__2013",-1.9524211321238,0.00000000000000353477799886356,-552346182066176,0,"M4_country_year_pair_FE_cluster_entity"
"factor(entity_year)Bangladesh__2015",-3.31852966533867,0.00000000000000586898932879951,-565434605419101,0,"M4_country_year_pair_FE_cluster_entity"
"factor(entity_year)Bangladesh__2016",-0.506133394498867,0.0000000000000284577665321864,-17785422265180.9,0,"M4_country_year_pair_FE_cluster_entity"
"factor(entity_year)Bangladesh__2019",-3.64136603017794,0.000000000000010393915299085,-350336319413581,0,"M4_country_year_pair_FE_cluster_entity"
"factor(entity_year)Bangladesh__2021",-1.49288837644697,0.00000000000000855722755100262,-174459352348537,0,"M4_country_year_pair_FE_cluster_entity"
"factor(entity_year)Barbados__2016",-7.74608073821326,0.00000000000000439430965305895,-1762752593645987,0,"M4_country_year_pair_FE_cluster_entity"
"factor(entity_year)Belarus__2013",-2.44350459694814,0.0000000000000050293897293514,-485845147908881,0,"M4_country_year_pair_FE_cluster_entity"
"factor(entity_year)Belarus__2015",-2.03174731630374,0.00000000000000539058040502073,-376906968016169,0,"M4_country_year_pair_FE_cluster_entity"
"factor(entity_year)Belarus__2016",-1.32013704599451,0.00000000000000530770370434733,-248720938381175,0,"M4_country_year_pair_FE_cluster_entity"
"factor(entity_year)Belarus__2017",-2.28195474446107,0.00000000000000776339455921553,-293937751978904,0,"M4_country_year_pair_FE_cluster_entity"
"factor(entity_year)Belarus__2018",-1.12615407221683,0.00000000000000396780151096497,-283823187501873,0,"M4_country_year_pair_FE_cluster_entity"
"factor(entity_year)Belarus__2021",-3.76860988724892,0.00000000000000914069339034203,-412289278976450,0,"M4_country_year_pair_FE_cluster_entity"
"factor(entity_year)Benin__2013",-2.98172797947877,0.00000000000000337150977197286,-884389540930796,0,"M4_country_year_pair_FE_cluster_entity"
"factor(entity_year)Benin__2014",-5.96925165882983,0.00000000000000322706254051212,-1849747745478320,0,"M4_country_year_pair_FE_cluster_entity"
"factor(entity_year)Benin__2016",-3.484368971664,0.0000000000000294580660664198,-118282339506189,0,"M4_country_year_pair_FE_cluster_entity"
"factor(entity_year)Benin__2021",-3.50196870774527,0.00000000000000345095100512872,-1014783664717561,0,"M4_country_year_pair_FE_cluster_entity"
"factor(entity_year)Bolivia__2013",-5.04613257897663,0.0000000000000101507265008372,-497120337008433,0,"M4_country_year_pair_FE_cluster_entity"
"factor(entity_year)Bolivia__2015",-2.86300399691073,0.0000000000000270271832917126,-105930535417230,0,"M4_country_year_pair_FE_cluster_entity"
"factor(entity_year)Bolivia__2016",-1.81330069524123,0.00000000000000334833322914709,-541553235937370,0,"M4_country_year_pair_FE_cluster_entity"
"factor(entity_year)Bolivia__2017",-3.31235157023113,0.000000000000011204416896749,-295629089916515,0,"M4_country_year_pair_FE_cluster_entity"
"factor(entity_year)Bosnia and Herzegovina__2017",-2.88721868208981,0.0000000000000127245522438458,-226901397138450,0,"M4_country_year_pair_FE_cluster_entity"
"factor(entity_year)Bosnia and Herzegovina__2021",-3.78459135263191,0.00000000000000354357906542056,-1068013802644685,0,"M4_country_year_pair_FE_cluster_entity"
"factor(entity_year)Brazil__2019",-1.22343119883041,0.00000000000000345095100512835,-354520014051867,0,"M4_country_year_pair_FE_cluster_entity"
"factor(entity_year)Brazil__2020",-2.59725547531669,0.00000000000000321158174327731,-808715356771919,0,"M4_country_year_pair_FE_cluster_entity"
"factor(entity_year)Brazil__2021",-4.22299183491729,0.00000000000000598591229727028,-705488424353139,0,"M4_country_year_pair_FE_cluster_entity"
"factor(entity_year)Burkina Faso__2019",-7.6112888089492,0.00000000000000327306563946712,-2325431154563822,0,"M4_country_year_pair_FE_cluster_entity"
"factor(entity_year)Burkina Faso__2021",-5.2325928630257,0.00000000000000322706254051317,-1621472406355536,0,"M4_country_year_pair_FE_cluster_entity"
"factor(entity_year)Cambodia__2013",-4.91565805909856,0.00000000000000602610558245088,-815727171029638,0,"M4_country_year_pair_FE_cluster_entity"
"factor(entity_year)Cambodia__2014",-2.62166847873767,0.00000000000000436298698660893,-600888447933539,0,"M4_country_year_pair_FE_cluster_entity"
"factor(entity_year)Cambodia__2015",-1.92140229787423,0.00000000000000325254053521656,-590738924563871,0,"M4_country_year_pair_FE_cluster_entity"
"factor(entity_year)Cambodia__2016",-1.74677748331354,0.00000000000000325254053521712,-537050181050836,0,"M4_country_year_pair_FE_cluster_entity"
"factor(entity_year)Cambodia__2017",-5.64079286533131,0.00000000000000346131542844535,-1629667385692402,0,"M4_country_year_pair_FE_cluster_entity"
"factor(entity_year)Cambodia__2018",-1.29372024877523,0.0000000000000033339412529585,-388045304525747,0,"M4_country_year_pair_FE_cluster_entity"
"factor(entity_year)Cambodia__2019",-1.00709906822464,0.00000000000000385090985266738,-261522369194663,0,"M4_country_year_pair_FE_cluster_entity"
"factor(entity_year)Cambodia__2020",-3.21197932246739,0.00000000000000320259777118224,-1002929356714590,0,"M4_country_year_pair_FE_cluster_entity"
"factor(entity_year)Cambodia__2021",-1.51495217289727,0.0000000000000229312485154761,-66064966845343.7,0,"M4_country_year_pair_FE_cluster_entity"
"factor(entity_year)Cameroon__2013",-1.04448285673976,0.00000000000000337058577006174,-309881702467589,0,"M4_country_year_pair_FE_cluster_entity"
"factor(entity_year)Cameroon__2014",-7.29613213738759,0.00000000000000715410018181058,-1019853224300400,0,"M4_country_year_pair_FE_cluster_entity"
"factor(entity_year)Cameroon__2015",-0.367270101675152,0.000000000000015567866399883,-23591550199705.8,0,"M4_country_year_pair_FE_cluster_entity"
"factor(entity_year)Cameroon__2016",-1.66466137152606,0.00000000000000347971457637799,-478390205572205,0,"M4_country_year_pair_FE_cluster_entity"
"factor(entity_year)Cameroon__2017",-2.26857797231488,0.00000000000000398933150194791,-568661183260197,0,"M4_country_year_pair_FE_cluster_entity"
"factor(entity_year)Cameroon__2018",-2.59730916219493,0.00000000000000578694871109515,-448821873471106,0,"M4_country_year_pair_FE_cluster_entity"
"factor(entity_year)Cameroon__2021",-3.66902998263165,0.00000000000000552705641904629,-663830745419594,0,"M4_country_year_pair_FE_cluster_entity"
"factor(entity_year)Central African Republic__2019",-5.83825295393437,0.00000000000000618703658726637,-943626705869199,0,"M4_country_year_pair_FE_cluster_entity"
"factor(entity_year)Central African Republic__2021",-3.9672214480771,0.00000000000000418518829775297,-947919464031548,0,"M4_country_year_pair_FE_cluster_entity"
"factor(entity_year)Chad__2013",-6.32454198051388,0.00000000000000324630972392726,-1948225067342834,0,"M4_country_year_pair_FE_cluster_entity"
"factor(entity_year)Chile__2018",-0.938257862784129,0.0000000000000138736146323259,-67628940809553.9,0,"M4_country_year_pair_FE_cluster_entity"
"factor(entity_year)Chile__2020",-4.73041929027259,0.0000000000000179887259444238,-262965776725225,0,"M4_country_year_pair_FE_cluster_entity"
"factor(entity_year)Chile__2021",-1.77523630361309,0.00000000000000418518829775203,-424171190712402,0,"M4_country_year_pair_FE_cluster_entity"
"factor(entity_year)Colombia__2018",-4.6779304011076,0.00000000000000348060960784493,-1343997439576110,0,"M4_country_year_pair_FE_cluster_entity"
"factor(entity_year)Colombia__2020",-4.08341557675353,0.00000000000000505752925582332,-807393367433678,0,"M4_country_year_pair_FE_cluster_entity"
"factor(entity_year)Colombia__2021",-3.59925417644184,0.000000000000026557027183468,-135529257532350,0,"M4_country_year_pair_FE_cluster_entity"
"factor(entity_year)Comoros__2014",-4.59472677202794,0.00000000000000343647893826992,-1337044938893512,0,"M4_country_year_pair_FE_cluster_entity"
"factor(entity_year)Comoros__2015",-8.39604466203067,0.00000000000000529580654882331,-1585413776848818,0,"M4_country_year_pair_FE_cluster_entity"
"factor(entity_year)Comoros__2018",-7.06738919966343,0.00000000000000624665967719723,-1131386943563163,0,"M4_country_year_pair_FE_cluster_entity"
"factor(entity_year)Comoros__2019",-6.83453744160009,0.00000000000000443733811941113,-1540233639555756,0,"M4_country_year_pair_FE_cluster_entity"
"factor(entity_year)Congo__2013",-1.30668272903427,0.00000000000000440705027109027,-296498258167362,0,"M4_country_year_pair_FE_cluster_entity"
"factor(entity_year)Congo__2014",-1.32403385284115,0.00000000000000516825423272848,-256185898220056,0,"M4_country_year_pair_FE_cluster_entity"
"factor(entity_year)Congo__2015",-1.53090646209711,0.00000000000000381613927206402,-401166297389637,0,"M4_country_year_pair_FE_cluster_entity"
"factor(entity_year)Congo__2016",-2.65368690631309,0.00000000000000357856688626302,-741550176552449,0,"M4_country_year_pair_FE_cluster_entity"
"factor(entity_year)Congo__2017",-0.964816090703056,0.00000000000000775175035177863,-124464288311566,0,"M4_country_year_pair_FE_cluster_entity"
"factor(entity_year)Congo__2019",-2.30153505407809,0.00000000000000427338375998068,-538574390540694,0,"M4_country_year_pair_FE_cluster_entity"
"factor(entity_year)Cook Islands__2013",-6.47750759981624,0.00000000000000524260366399885,-1235551648563008,0,"M4_country_year_pair_FE_cluster_entity"
"factor(entity_year)Costa Rica__2013",-3.35873044847299,0.00000000000000339544556439667,-989186951983958,0,"M4_country_year_pair_FE_cluster_entity"
"factor(entity_year)Costa Rica__2014",-6.58305917118749,0.0000000000000255386665583875,-257768319897871,0,"M4_country_year_pair_FE_cluster_entity"
"factor(entity_year)Cote d'Ivoire__2013",-3.24351764132036,0.00000000000000786622908682663,-412334500498110,0,"M4_country_year_pair_FE_cluster_entity"
"factor(entity_year)Cote d'Ivoire__2014",-1.21173817490328,0.00000000000000585118282781826,-207092858070049,0,"M4_country_year_pair_FE_cluster_entity"
"factor(entity_year)Cote d'Ivoire__2015",-3.80136124209312,0.00000000000000508562792266353,-747471364382121,0,"M4_country_year_pair_FE_cluster_entity"
"factor(entity_year)Cote d'Ivoire__2017",-3.0681780560504,0.0000000000000182793473530286,-167849431207512,0,"M4_country_year_pair_FE_cluster_entity"
"factor(entity_year)Cote d'Ivoire__2018",-0.927073540695664,0.00000000000000722342736363204,-128342612727474,0,"M4_country_year_pair_FE_cluster_entity"
"factor(entity_year)Cote d'Ivoire__2019",-0.656589451032532,0.00000000000000320769987017036,-204691672415618,0,"M4_country_year_pair_FE_cluster_entity"
"factor(entity_year)Cote d'Ivoire__2020",-1.47798777840993,0.00000000000000514711686222158,-287148673319999,0,"M4_country_year_pair_FE_cluster_entity"
"factor(entity_year)Cote d'Ivoire__2021",-3.63700218091582,0.00000000000000330337847869714,-1100994695088728,0,"M4_country_year_pair_FE_cluster_entity"
"factor(entity_year)Cuba__2015",-4.87190484246635,0.00000000000000330714804781701,-1473143860518189,0,"M4_country_year_pair_FE_cluster_entity"
"factor(entity_year)Djibouti__2013",-0.982167446789693,0.00000000000000322706254051286,-304353397078447,0,"M4_country_year_pair_FE_cluster_entity"
"factor(entity_year)Dominica__2013",-5.96168979964166,0.00000000000000330714804781598,-1802667952400476,0,"M4_country_year_pair_FE_cluster_entity"
"factor(entity_year)Ecuador__2013",-3.07865353933944,0.00000000000000645462266971305,-476968786074107,0,"M4_country_year_pair_FE_cluster_entity"
"factor(entity_year)Ecuador__2014",-1.54119947140021,0.00000000000000484151365823439,-318330088520758,0,"M4_country_year_pair_FE_cluster_entity"
"factor(entity_year)Ecuador__2015",-3.36287911930468,0.00000000000000618250388998599,-543934816563828,0,"M4_country_year_pair_FE_cluster_entity"
"factor(entity_year)Ecuador__2016",-3.11504683775591,0.00000000000000360631275026422,-863776120783669,0,"M4_country_year_pair_FE_cluster_entity"
"factor(entity_year)Ecuador__2019",-2.69043862752176,0.00000000000000514409014768926,-523015450794600,0,"M4_country_year_pair_FE_cluster_entity"
"factor(entity_year)Egypt__2016",-7.18964135037128,0.00000000000000521086952098953,-1379739277947988,0,"M4_country_year_pair_FE_cluster_entity"
"factor(entity_year)Egypt__2017",-4.77822962869378,0.00000000000000618653311823421,-772359823729126,0,"M4_country_year_pair_FE_cluster_entity"
"factor(entity_year)Egypt__2018",-1.81111979353916,0.00000000000000729551190919833,-248251228437536,0,"M4_country_year_pair_FE_cluster_entity"
"factor(entity_year)Egypt__2019",-1.9005814741868,0.00000000000000325780345227176,-583393535561967,0,"M4_country_year_pair_FE_cluster_entity"
"factor(entity_year)El Salvador__2019",-4.83396477597073,0.00000000000000598591229727046,-807556899584878,0,"M4_country_year_pair_FE_cluster_entity"
"factor(entity_year)El Salvador__2021",-3.96724074320882,0.00000000000000418518829775329,-947924074369253,0,"M4_country_year_pair_FE_cluster_entity"
"factor(entity_year)Equatorial Guinea__2016",-2.66302065593305,0.00000000000000788582415906443,-337697189566675,0,"M4_country_year_pair_FE_cluster_entity"
"factor(entity_year)Equatorial Guinea__2017",-1.3619624505998,0.00000000000000321957332489284,-423025759366772,0,"M4_country_year_pair_FE_cluster_entity"
"factor(entity_year)Equatorial Guinea__2019",-1.60860679373235,0.00000000000000451044222313326,-356640594015834,0,"M4_country_year_pair_FE_cluster_entity"
"factor(entity_year)Equatorial Guinea__2021",-5.35590196502089,0.00000000000000321158174327692,-1667683525799352,0,"M4_country_year_pair_FE_cluster_entity"
"factor(entity_year)Eritrea__2014",-3.07797026511227,0.00000000000000940530324074656,-327259014018558,0,"M4_country_year_pair_FE_cluster_entity"
"factor(entity_year)Eritrea__2015",-4.78566462838554,0.00000000000000339636280304999,-1409055776988236,0,"M4_country_year_pair_FE_cluster_entity"
"factor(entity_year)Ethiopia__2014",-1.80405768347785,0.00000000000000327333328366768,-551137793538838,0,"M4_country_year_pair_FE_cluster_entity"
"factor(entity_year)Ethiopia__2015",-1.93259727533113,0.00000000000000389927607265726,-495629762889324,0,"M4_country_year_pair_FE_cluster_entity"
"factor(entity_year)Ethiopia__2016",-1.27418641588027,0.00000000000000350029801597844,-364022266122417,0,"M4_country_year_pair_FE_cluster_entity"
"factor(entity_year)Ethiopia__2017",-5.58869859887721,0.00000000000000325086418390493,-1719142444198970,0,"M4_country_year_pair_FE_cluster_entity"
"factor(entity_year)Ethiopia__2018",-0.402115336401828,0.00000000000000320262816486619,-125557921713534,0,"M4_country_year_pair_FE_cluster_entity"
"factor(entity_year)Fiji__2013",-5.0087745723979,0.0000000000000038985060316146,-1284793336672990,0,"M4_country_year_pair_FE_cluster_entity"
"factor(entity_year)Fiji__2015",-5.60053128378845,0.00000000000000365792868616173,-1531066284855623,0,"M4_country_year_pair_FE_cluster_entity"
"factor(entity_year)Fiji__2017",-4.68682113222765,0.00000000000000326353513672362,-1436117870921079,0,"M4_country_year_pair_FE_cluster_entity"
"factor(entity_year)Fiji__2019",-7.68333247490228,0.00000000000000806101452735607,-953147082023972,0,"M4_country_year_pair_FE_cluster_entity"
"factor(entity_year)Gabon__2015",-1.86313271596329,0.00000000000000343647893826964,-542163286733665,0,"M4_country_year_pair_FE_cluster_entity"
"factor(entity_year)Gabon__2016",-2.20537006861981,0.00000000000000460475720455496,-478932975323495,0,"M4_country_year_pair_FE_cluster_entity"
"factor(entity_year)Gabon__2020",-6.45637034065407,0.00000000000000397760231734739,-1623181460976153,0,"M4_country_year_pair_FE_cluster_entity"
"factor(entity_year)Gabon__2021",-4.59639707272883,0.00000000000000333341567566432,-1378885059635658,0,"M4_country_year_pair_FE_cluster_entity"
"factor(entity_year)Gambia__2017",-5.92902823792599,0.00000000000000321545892998355,-1843913533660440,0,"M4_country_year_pair_FE_cluster_entity"
"factor(entity_year)Ghana__2014",-4.5724387074025,0.00000000000000381123873416474,-1199725083189938,0,"M4_country_year_pair_FE_cluster_entity"
"factor(entity_year)Ghana__2016",-3.66057852007837,0.00000000000000389850603161468,-938969566904128,0,"M4_country_year_pair_FE_cluster_entity"
"factor(entity_year)Ghana__2017",-3.38979268796953,0.00000000000000324630972392749,-1044198790702094,0,"M4_country_year_pair_FE_cluster_entity"
"factor(entity_year)Ghana__2018",-1.44300370005283,0.00000000000000708409457482691,-203696278304993,0,"M4_country_year_pair_FE_cluster_entity"
"factor(entity_year)Ghana__2019",-1.26516517061236,0.00000000000000324630972392621,-389724110822739,0,"M4_country_year_pair_FE_cluster_entity"
"factor(entity_year)Ghana__2020",-1.3241373747994,0.00000000000000381123873416433,-347429659267917,0,"M4_country_year_pair_FE_cluster_entity"
"factor(entity_year)Grenada__2017",-2.89740143750562,0.00000000000000585118282781901,-495182174744248,0,"M4_country_year_pair_FE_cluster_entity"
"factor(entity_year)Grenada__2019",-6.16535355558733,0.00000000000000999985752011654,-616544140072456,0,"M4_country_year_pair_FE_cluster_entity"
"factor(entity_year)Grenada__2020",-7.70021425844363,0.00000000000000652565328259851,-1179991324236798,0,"M4_country_year_pair_FE_cluster_entity"
"factor(entity_year)Guinea__2015",-6.93599235690677,0.00000000000000367476099710661,-1887467610102519,0,"M4_country_year_pair_FE_cluster_entity"
"factor(entity_year)Guinea__2018",-0.562819908932779,0.0000000000000140899336607654,-39944823196719.4,0,"M4_country_year_pair_FE_cluster_entity"
"factor(entity_year)Guinea__2020",-4.04436382476688,0.0000000000000033926923605438,-1192080918329602,0,"M4_country_year_pair_FE_cluster_entity"
"factor(entity_year)Guinea-Bissau__2013",-5.87718227984393,0.00000000000000896165550908604,-655814349690766,0,"M4_country_year_pair_FE_cluster_entity"
"factor(entity_year)Guyana__2015",-5.62163077514243,0.00000000000000837485250009038,-671251317570281,0,"M4_country_year_pair_FE_cluster_entity"
"factor(entity_year)Guyana__2017",-4.53116728703322,0.0000000000000116491555847141,-388969591322051,0,"M4_country_year_pair_FE_cluster_entity"
"factor(entity_year)Guyana__2021",-4.84619755809286,0.00000000000000490606309870427,-987797641529067,0,"M4_country_year_pair_FE_cluster_entity"
"factor(entity_year)Indonesia__2015",-0.471299581659529,0.00000000000000321158174327741,-146749987804629,0,"M4_country_year_pair_FE_cluster_entity"
"factor(entity_year)Indonesia__2016",-2.64239764461591,0.00000000000000366457526541474,-721065185794965,0,"M4_country_year_pair_FE_cluster_entity"
"factor(entity_year)Indonesia__2020",-3.39948674333947,0.00000000000000320575717089835,-1060431767633492,0,"M4_country_year_pair_FE_cluster_entity"
"factor(entity_year)Indonesia__2021",-1.73163983577553,0.0000000000000161852340593915,-106988865865103,0,"M4_country_year_pair_FE_cluster_entity"
"factor(entity_year)Iran__2014",-0.34192883313004,0.00000000000000329323579139172,-103827619638963,0,"M4_country_year_pair_FE_cluster_entity"
"factor(entity_year)Iran__2017",-0.127450137289035,0.00000000000000711103318897237,-17922871951530.5,0,"M4_country_year_pair_FE_cluster_entity"
"factor(entity_year)Iraq__2019",-3.90710807822957,0.00000000000000327306563946658,-1193715161443056,0,"M4_country_year_pair_FE_cluster_entity"
"factor(entity_year)Iraq__2021",-0.144437879741359,0.00000000000000324630972392801,-44492944920421.9,0,"M4_country_year_pair_FE_cluster_entity"
"factor(entity_year)Jamaica__2013",-2.78048410522158,0.00000000000000690868225744834,-402462293330093,0,"M4_country_year_pair_FE_cluster_entity"
"factor(entity_year)Jamaica__2014",-4.49913097561267,0.00000000000000481765038828978,-933884905087481,0,"M4_country_year_pair_FE_cluster_entity"
"factor(entity_year)Jamaica__2016",-3.59696200795993,0.00000000000000328896736206934,-1093644786337071,0,"M4_country_year_pair_FE_cluster_entity"
"factor(entity_year)Jamaica__2017",-3.71025364321352,0.0000000000000032115817432755,-1155272990009408,0,"M4_country_year_pair_FE_cluster_entity"
"factor(entity_year)Jordan__2016",-4.01167115871047,0.00000000000000726052445027806,-552531870966544,0,"M4_country_year_pair_FE_cluster_entity"
"factor(entity_year)Kazakhstan__2013",-1.48885034454749,0.00000000000000578627585311969,-257307183815783,0,"M4_country_year_pair_FE_cluster_entity"
"factor(entity_year)Kazakhstan__2014",-5.78844317062619,0.00000000000000325014548294694,-1780979713368940,0,"M4_country_year_pair_FE_cluster_entity"
"factor(entity_year)Kazakhstan__2015",-4.78082893409035,0.00000000000000340735040756267,-1403092832330723,0,"M4_country_year_pair_FE_cluster_entity"
"factor(entity_year)Kazakhstan__2016",-4.50281378126881,0.00000000000000562315415363697,-800762998531075,0,"M4_country_year_pair_FE_cluster_entity"
"factor(entity_year)Kazakhstan__2017",-1.50953340361312,0.00000000000000327877064389142,-460396156841737,0,"M4_country_year_pair_FE_cluster_entity"
"factor(entity_year)Kazakhstan__2018",-5.55245085365116,0.0000000000000033816571297699,-1641931940636742,0,"M4_country_year_pair_FE_cluster_entity"
"factor(entity_year)Kazakhstan__2019",-1.13420256020449,0.0000000000000276147887501681,-41072288130307.9,0,"M4_country_year_pair_FE_cluster_entity"
"factor(entity_year)Kazakhstan__2020",-3.61397974659183,0.00000000000000378828573792972,-953988161560078,0,"M4_country_year_pair_FE_cluster_entity"
"factor(entity_year)Kenya__2013",-2.05643769857925,0.0000000000000079336523942963,-259204411332374,0,"M4_country_year_pair_FE_cluster_entity"
"factor(entity_year)Kenya__2014",-0.978170793289794,0.00000000000000388570121495617,-251735977415039,0,"M4_country_year_pair_FE_cluster_entity"
"factor(entity_year)Kenya__2015",-2.98883134121678,0.00000000000000363727386687225,-821722930582330,0,"M4_country_year_pair_FE_cluster_entity"
"factor(entity_year)Kenya__2016",-1.15396754710038,0.00000000000000371522468038517,-310605049862217,0,"M4_country_year_pair_FE_cluster_entity"
"factor(entity_year)Kenya__2017",-0.464785089146304,0.0000000000000124155460000154,-37435734936323.1,0,"M4_country_year_pair_FE_cluster_entity"
"factor(entity_year)Kenya__2018",-1.90872316276301,0.00000000000000571327707524445,-334085523531404,0,"M4_country_year_pair_FE_cluster_entity"
"factor(entity_year)Kenya__2019",-1.69538804284531,0.00000000000000477804803290826,-354828589241573,0,"M4_country_year_pair_FE_cluster_entity"
"factor(entity_year)Kenya__2020",-5.39431826698525,0.00000000000000363727386687028,-1483066292070776,0,"M4_country_year_pair_FE_cluster_entity"
"factor(entity_year)Kenya__2021",-5.06976020657907,0.00000000000000844227229282269,-600520811309201,0,"M4_country_year_pair_FE_cluster_entity"
"factor(entity_year)Kiribati__2021",-4.93910940940041,0.00000000000000334833322914694,-1475094941687976,0,"M4_country_year_pair_FE_cluster_entity"
"factor(entity_year)Kyrgyzstan__2017",-5.33895497127613,0.00000000000000327306563946577,-1631178705034327,0,"M4_country_year_pair_FE_cluster_entity"
"factor(entity_year)Kyrgyzstan__2018",-3.92428615978918,0.00000000000000322180983250073,-1218037799811168,0,"M4_country_year_pair_FE_cluster_entity"
"factor(entity_year)Laos__2013",-1.31385699734202,0.00000000000000449730192160933,-292143382908984,0,"M4_country_year_pair_FE_cluster_entity"
"factor(entity_year)Laos__2014",-1.15477895590629,0.00000000000000410345223147988,-281416449068745,0,"M4_country_year_pair_FE_cluster_entity"
"factor(entity_year)Laos__2015",-2.30267038259561,0.00000000000000336318461581153,-684669634777089,0,"M4_country_year_pair_FE_cluster_entity"
"factor(entity_year)Laos__2016",-0.367958020526649,0.00000000000000344281795297313,-106876990172800,0,"M4_country_year_pair_FE_cluster_entity"
"factor(entity_year)Laos__2017",-1.332106275176,0.00000000000000320891345996526,-415126893197805,0,"M4_country_year_pair_FE_cluster_entity"
"factor(entity_year)Laos__2018",-5.8147734660562,0.0000000000000100731009021747,-577257541895646,0,"M4_country_year_pair_FE_cluster_entity"
"factor(entity_year)Laos__2019",-1.23005745625058,0.00000000000000326448943906736,-376799336989736,0,"M4_country_year_pair_FE_cluster_entity"
"factor(entity_year)Laos__2020",-4.5907048878725,0.00000000000000329866045959388,-1391687608987100,0,"M4_country_year_pair_FE_cluster_entity"
"factor(entity_year)Lebanon__2013",-4.86541236453776,0.00000000000000572199355864087,-850300216991755,0,"M4_country_year_pair_FE_cluster_entity"
"factor(entity_year)Lebanon__2019",-2.55228847207745,0.00000000000000335970971226142,-759675296577782,0,"M4_country_year_pair_FE_cluster_entity"
"factor(entity_year)Lesotho__2018",-2.65792614019664,0.00000000000000334833322914619,-793805741035640,0,"M4_country_year_pair_FE_cluster_entity"
"factor(entity_year)Lesotho__2020",-4.70558388737422,0.00000000000000328090746301418,-1434232431246685,0,"M4_country_year_pair_FE_cluster_entity"
"factor(entity_year)Liberia__2014",-8.32366521603501,0.00000000000000332593180830003,-2502656607469486,0,"M4_country_year_pair_FE_cluster_entity"
"factor(entity_year)Liberia__2015",-5.65779477266761,0.00000000000000514893203692331,-1098828792474869,0,"M4_country_year_pair_FE_cluster_entity"
"factor(entity_year)Liberia__2016",-4.24492735722035,0.00000000000000496601223307658,-854795992838402,0,"M4_country_year_pair_FE_cluster_entity"
"factor(entity_year)Liberia__2019",-7.11192613056232,0.0000000000000052732609101985,-1348677080780859,0,"M4_country_year_pair_FE_cluster_entity"
"factor(entity_year)Madagascar__2016",-9.20076256927708,0.00000000000000322706254051106,-2851126203404782,0,"M4_country_year_pair_FE_cluster_entity"
"factor(entity_year)Madagascar__2017",-2.78327817457989,0.00000000000000361407789556094,-770121246694352,0,"M4_country_year_pair_FE_cluster_entity"
"factor(entity_year)Madagascar__2018",-5.01498685603341,0.00000000000000521146724770906,-962298450256590,0,"M4_country_year_pair_FE_cluster_entity"
"factor(entity_year)Madagascar__2019",-4.643129677179,0.00000000000000381123873416481,-1218273113031974,0,"M4_country_year_pair_FE_cluster_entity"
"factor(entity_year)Malawi__2014",-6.2789311837189,0.00000000000000369336188146571,-1700058479302632,0,"M4_country_year_pair_FE_cluster_entity"
"factor(entity_year)Malawi__2015",-4.9464411962007,0.00000000000000540741285041244,-914751903181096,0,"M4_country_year_pair_FE_cluster_entity"
"factor(entity_year)Malawi__2017",-6.08506980192889,0.00000000000000559970154770596,-1086677522022897,0,"M4_country_year_pair_FE_cluster_entity"
"factor(entity_year)Malawi__2018",-5.50146159305681,0.00000000000000340870708985836,-1613943776344069,0,"M4_country_year_pair_FE_cluster_entity"
"factor(entity_year)Malaysia__2015",-1.29591007053789,0.00000000000000418444397482888,-309697077636435,0,"M4_country_year_pair_FE_cluster_entity"
"factor(entity_year)Malaysia__2017",-4.2835486980151,0.00000000000000332593180829971,-1287924390790484,0,"M4_country_year_pair_FE_cluster_entity"
"factor(entity_year)Malaysia__2018",-1.12140010292026,0.00000000000000578694871109531,-193780895408699,0,"M4_country_year_pair_FE_cluster_entity"
"factor(entity_year)Malaysia__2019",-4.32903622592697,0.00000000000000323477515659008,-1338280410960743,0,"M4_country_year_pair_FE_cluster_entity"
"factor(entity_year)Maldives__2014",-5.91691039141833,0.00000000000000601808840071328,-983187683104994,0,"M4_country_year_pair_FE_cluster_entity"
"factor(entity_year)Maldives__2015",-3.87816814422629,0.0000000000000040597622302762,-955269773018812,0,"M4_country_year_pair_FE_cluster_entity"
"factor(entity_year)Maldives__2016",-4.53399624048641,0.00000000000000374694854167871,-1210050308952226,0,"M4_country_year_pair_FE_cluster_entity"
"factor(entity_year)Maldives__2017",-2.16986714110765,0.0000000000000125334035762056,-173126727142745,0,"M4_country_year_pair_FE_cluster_entity"
"factor(entity_year)Maldives__2018",-3.04483595911491,0.0000000000000084473439593263,-360448914330434,0,"M4_country_year_pair_FE_cluster_entity"
"factor(entity_year)Maldives__2021",-6.34045755697821,0.00000000000000464248345458599,-1365746936742426,0,"M4_country_year_pair_FE_cluster_entity"
"factor(entity_year)Mali__2013",-4.40791367912082,0.0000000000000130305338301682,-338275755741920,0,"M4_country_year_pair_FE_cluster_entity"
"factor(entity_year)Mali__2014",-4.77128070852331,0.00000000000000750927335184443,-635385141140373,0,"M4_country_year_pair_FE_cluster_entity"
"factor(entity_year)Mali__2017",-6.57935223411813,0.00000000000000496663942804751,-1324709057187309,0,"M4_country_year_pair_FE_cluster_entity"
"factor(entity_year)Mauritania__2013",-3.03618697406833,0.00000000000000368893155457724,-823053214500828,0,"M4_country_year_pair_FE_cluster_entity"
"factor(entity_year)Mauritania__2016",-6.87923038410261,0.00000000000000374861078165142,-1835141278943881,0,"M4_country_year_pair_FE_cluster_entity"
"factor(entity_year)Mauritania__2018",-5.7773247662292,0.00000000000000349579008208588,-1652652084527333,0,"M4_country_year_pair_FE_cluster_entity"
"factor(entity_year)Mauritius__2016",-6.26831813849705,0.00000000000000502648577915116,-1247057768371046,0,"M4_country_year_pair_FE_cluster_entity"
"factor(entity_year)Mauritius__2017",-8.14951681242738,0.00000000000000368829821631637,-2209560164190459,0,"M4_country_year_pair_FE_cluster_entity"
"factor(entity_year)Mauritius__2018",-7.32336636294378,0.00000000000000715410018181073,-1023660023878812,0,"M4_country_year_pair_FE_cluster_entity"
"factor(entity_year)Mauritius__2019",-6.52967019020173,0.00000000000000321061171501456,-2033777600594136,0,"M4_country_year_pair_FE_cluster_entity"
"factor(entity_year)Mexico__2017",-4.06863448246241,0.0000000000000033483332291462,-1215122332223750,0,"M4_country_year_pair_FE_cluster_entity"
"factor(entity_year)Mexico__2020",-5.28011122320745,0.00000000000000325875943309668,-1620282604963556,0,"M4_country_year_pair_FE_cluster_entity"
"factor(entity_year)Micronesia__2015",-7.37595037327542,0.00000000000000339544556439598,-2172307060557316,0,"M4_country_year_pair_FE_cluster_entity"
"factor(entity_year)Micronesia__2016",-6.41828249682074,0.0000000000000109774930194205,-584676527278680,0,"M4_country_year_pair_FE_cluster_entity"
"factor(entity_year)Micronesia__2017",-7.18187760507161,0.00000000000000490606309870327,-1463877952766213,0,"M4_country_year_pair_FE_cluster_entity"
"factor(entity_year)Micronesia__2019",-6.50889528474549,0.00000000000000618653311823398,-1052107078447765,0,"M4_country_year_pair_FE_cluster_entity"
"factor(entity_year)Micronesia__2020",-5.93101163245681,0.00000000000000903504110706511,-656445450792576,0,"M4_country_year_pair_FE_cluster_entity"
"factor(entity_year)Micronesia__2021",-6.50168199117458,0.00000000000000368829821631543,-1762786415267064,0,"M4_country_year_pair_FE_cluster_entity"
"factor(entity_year)Moldova__2014",-7.10462287232839,0.00000000000000321545892998286,-2209520639831732,0,"M4_country_year_pair_FE_cluster_entity"
"factor(entity_year)Mongolia__2014",-2.60881936612079,0.00000000000000344733868413706,-756763290513137,0,"M4_country_year_pair_FE_cluster_entity"
"factor(entity_year)Mongolia__2015",-2.1968340487655,0.00000000000000321158174327707,-684034916241573,0,"M4_country_year_pair_FE_cluster_entity"
"factor(entity_year)Mongolia__2016",-1.46752315859644,0.00000000000000330337847869641,-444249173402484,0,"M4_country_year_pair_FE_cluster_entity"
"factor(entity_year)Mongolia__2017",-5.13223922600827,0.00000000000000357508351270355,-1435557856976375,0,"M4_country_year_pair_FE_cluster_entity"
"factor(entity_year)Mongolia__2018",-2.35533997297993,0.00000000000000546129164175004,-431278922182807,0,"M4_country_year_pair_FE_cluster_entity"
"factor(entity_year)Mongolia__2019",-2.71398839275194,0.00000000000000408271486162217,-664750903440169,0,"M4_country_year_pair_FE_cluster_entity"
"factor(entity_year)Montenegro__2017",-7.50964439196296,0.00000000000000819331269648556,-916557767309936,0,"M4_country_year_pair_FE_cluster_entity"
"factor(entity_year)Montenegro__2018",-5.45445596578965,0.00000000000000321449007172806,-1696833974931958,0,"M4_country_year_pair_FE_cluster_entity"
"factor(entity_year)Morocco__2014",-3.28007277709113,0.00000000000000502695052391465,-652497525385794,0,"M4_country_year_pair_FE_cluster_entity"
"factor(entity_year)Morocco__2018",-2.35496543568278,0.0000000000000043672907366824,-539227996868310,0,"M4_country_year_pair_FE_cluster_entity"
"factor(entity_year)Mozambique__2013",-2.4226052144274,0.00000000000000428811851173093,-564957616679652,0,"M4_country_year_pair_FE_cluster_entity"
"factor(entity_year)Mozambique__2017",-1.0808418715699,0.00000000000000321498967572611,-336188286926860,0,"M4_country_year_pair_FE_cluster_entity"
"factor(entity_year)Mozambique__2020",-5.53649761411365,0.0000000000000045035310542494,-1229368144112070,0,"M4_country_year_pair_FE_cluster_entity"
"factor(entity_year)Myanmar__2013",-5.91865099164017,0.00000000000000840047643473902,-704561346921277,0,"M4_country_year_pair_FE_cluster_entity"
"factor(entity_year)Myanmar__2014",-2.90760181818281,0.00000000000000661666493969783,-439436157744388,0,"M4_country_year_pair_FE_cluster_entity"
"factor(entity_year)Myanmar__2015",-4.35878906620675,0.00000000000000335576713833366,-1298894972900638,0,"M4_country_year_pair_FE_cluster_entity"
"factor(entity_year)Myanmar__2016",-3.15956457503364,0.0000000000000109314290057069,-289034907822587,0,"M4_country_year_pair_FE_cluster_entity"
"factor(entity_year)Myanmar__2017",-3.15757288834406,0.00000000000000333154628490161,-947779985124028,0,"M4_country_year_pair_FE_cluster_entity"
"factor(entity_year)Myanmar__2018",-3.82003108424476,0.00000000000000403822207286573,-945968551336719,0,"M4_country_year_pair_FE_cluster_entity"
"factor(entity_year)Myanmar__2019",-5.68819921358135,0.00000000000000329842438148902,-1724520121032307,0,"M4_country_year_pair_FE_cluster_entity"
"factor(entity_year)Myanmar__2020",-3.89063065765962,0.0000000000000054143208479714,-718581474372234,0,"M4_country_year_pair_FE_cluster_entity"
"factor(entity_year)Myanmar__2021",-2.1891229571978,0.00000000000000541432084797228,-404320877662367,0,"M4_country_year_pair_FE_cluster_entity"
"factor(entity_year)Namibia__2013",-6.48199114638592,0.00000000000000367476099710633,-1763921830968089,0,"M4_country_year_pair_FE_cluster_entity"
"factor(entity_year)Namibia__2014",-5.40861475720179,0.00000000000000529918746887286,-1020649823953520,0,"M4_country_year_pair_FE_cluster_entity"
"factor(entity_year)Namibia__2017",-7.17552097976415,0.00000000000000339269236054267,-2114993113792495,0,"M4_country_year_pair_FE_cluster_entity"
"factor(entity_year)Namibia__2018",-3.32633799698079,0.00000000000000339269236054299,-980441974540958,0,"M4_country_year_pair_FE_cluster_entity"
"factor(entity_year)Nepal__2013",-3.06673748526821,0.00000000000000322319931182102,-951457601154546,0,"M4_country_year_pair_FE_cluster_entity"
"factor(entity_year)Nepal__2014",-9.35172363142983,0.00000000000000799254658413594,-1170055567770060,0,"M4_country_year_pair_FE_cluster_entity"
"factor(entity_year)Nepal__2016",-2.97683918149383,0.00000000000000327914171931986,-907810468805010,0,"M4_country_year_pair_FE_cluster_entity"
"factor(entity_year)Nepal__2017",-4.37892502142528,0.00000000000000326925677235793,-1339425235255235,0,"M4_country_year_pair_FE_cluster_entity"
"factor(entity_year)Nepal__2018",-3.29666473214301,0.00000000000000429176027472096,-768138134732454,0,"M4_country_year_pair_FE_cluster_entity"
"factor(entity_year)Nepal__2019",-7.26967107631973,0.00000000000000380796820524256,-1909068218140930,0,"M4_country_year_pair_FE_cluster_entity"
"factor(entity_year)Nepal__2021",-3.66081416075985,0.00000000000000321158174327626,-1139878867609114,0,"M4_country_year_pair_FE_cluster_entity"
"factor(entity_year)Niger__2013",-2.92024781751943,0.00000000000000334833322914609,-872149698870970,0,"M4_country_year_pair_FE_cluster_entity"
"factor(entity_year)Nigeria__2013",-5.57900437797043,0.00000000000000330337847869716,-1688878344987814,0,"M4_country_year_pair_FE_cluster_entity"
"factor(entity_year)Nigeria__2017",-1.41580799982339,0.00000000000000447316914286173,-316511170180705,0,"M4_country_year_pair_FE_cluster_entity"
"factor(entity_year)Nigeria__2018",-1.37932412839439,0.00000000000000910783542611406,-151443681606234,0,"M4_country_year_pair_FE_cluster_entity"
"factor(entity_year)Nigeria__2019",-1.40538086622029,0.00000000000000345461590242424,-406812481015352,0,"M4_country_year_pair_FE_cluster_entity"
"factor(entity_year)Nigeria__2020",-2.77621580575363,0.00000000000000585118282781853,-474470869813629,0,"M4_country_year_pair_FE_cluster_entity"
"factor(entity_year)Nigeria__2021",-4.1381518529579,0.00000000000000332312101283808,-1245260656163632,0,"M4_country_year_pair_FE_cluster_entity"
"factor(entity_year)North Macedonia__2019",-3.70295827093744,0.00000000000000421060193161614,-879436795754320,0,"M4_country_year_pair_FE_cluster_entity"
"factor(entity_year)Pakistan__2015",-0.559808306225679,0.00000000000000347097592453683,-161282681988173,0,"M4_country_year_pair_FE_cluster_entity"
"factor(entity_year)Pakistan__2016",-0.863229358022386,0.00000000000000323874479760215,-266532070900273,0,"M4_country_year_pair_FE_cluster_entity"
"factor(entity_year)Pakistan__2017",-0.883198838734099,0.00000000000000403378441194944,-218950431787521,0,"M4_country_year_pair_FE_cluster_entity"
"factor(entity_year)Pakistan__2018",-1.54706371882069,0.00000000000000325834122599809,-474801014232876,0,"M4_country_year_pair_FE_cluster_entity"
"factor(entity_year)Pakistan__2019",-2.61188172226107,0.00000000000000558319821333514,-467811032755876,0,"M4_country_year_pair_FE_cluster_entity"
"factor(entity_year)Pakistan__2020",-1.9983713088496,0.00000000000000672638361809936,-297094460011526,0,"M4_country_year_pair_FE_cluster_entity"
"factor(entity_year)Pakistan__2021",-1.21915980888431,0.00000000000000362956840472201,-335896633687412,0,"M4_country_year_pair_FE_cluster_entity"
"factor(entity_year)Panama__2018",-4.52979674103273,0.00000000000000324630972392674,-1395368010527807,0,"M4_country_year_pair_FE_cluster_entity"
"factor(entity_year)Papua New Guinea__2013",-2.33066431606652,0.0000000000000054635725704812,-426582476209563,0,"M4_country_year_pair_FE_cluster_entity"
"factor(entity_year)Papua New Guinea__2014",-2.90482677982445,0.00000000000000328920411894161,-883139712460034,0,"M4_country_year_pair_FE_cluster_entity"
"factor(entity_year)Papua New Guinea__2017",-1.49958633938633,0.00000000000000372861499385119,-402183207936266,0,"M4_country_year_pair_FE_cluster_entity"
"factor(entity_year)Papua New Guinea__2018",-3.87529355422795,0.0000000000000067000522820917,-578397509611390,0,"M4_country_year_pair_FE_cluster_entity"
"factor(entity_year)Peru__2014",-2.0329390451111,0.00000000000000455852703071162,-445964021144292,0,"M4_country_year_pair_FE_cluster_entity"
"factor(entity_year)Peru__2016",-4.08669459865577,0.00000000000000323477515659107,-1263362799831344,0,"M4_country_year_pair_FE_cluster_entity"
"factor(entity_year)Peru__2017",-2.63658424363535,0.00000000000000327211383834611,-805773996227471,0,"M4_country_year_pair_FE_cluster_entity"
"factor(entity_year)Peru__2020",-2.61978596436408,0.00000000000000546300242758014,-479550576645913,0,"M4_country_year_pair_FE_cluster_entity"
"factor(entity_year)Peru__2021",-2.4298093164635,0.00000000000000328825698917916,-738935346130001,0,"M4_country_year_pair_FE_cluster_entity"
"factor(entity_year)Philippines__2016",-2.09311041170059,0.00000000000000323477515659052,-647065193213228,0,"M4_country_year_pair_FE_cluster_entity"
"factor(entity_year)Philippines__2017",-3.12094069714779,0.00000000000000322223278093764,-968564628729159,0,"M4_country_year_pair_FE_cluster_entity"
"factor(entity_year)Philippines__2018",-3.05568729094704,0.00000000000000489080178585522,-624782484496602,0,"M4_country_year_pair_FE_cluster_entity"
"factor(entity_year)Philippines__2019",-1.46025676936282,0.00000000000000321158174327684,-454684602819074,0,"M4_country_year_pair_FE_cluster_entity"
"factor(entity_year)Philippines__2020",-5.24854286607241,0.00000000000000321158174327578,-1634254795806304,0,"M4_country_year_pair_FE_cluster_entity"
"factor(entity_year)Philippines__2021",-3.34549892894266,0.00000000000000319602596158359,-1046768383347237,0,"M4_country_year_pair_FE_cluster_entity"
"factor(entity_year)Russia__2020",-3.44159612739312,0.00000000000000371522468038464,-926349392962368,0,"M4_country_year_pair_FE_cluster_entity"
"factor(entity_year)Russia__2021",-5.58329743256214,0.00000000000000388570121495662,-1436882849116455,0,"M4_country_year_pair_FE_cluster_entity"
"factor(entity_year)Rwanda__2013",-7.01110724704056,0.00000000000000350824232719373,-1998467207551422,0,"M4_country_year_pair_FE_cluster_entity"
"factor(entity_year)Rwanda__2014",-4.17963274192354,0.00000000000000364753583842575,-1145878457969433,0,"M4_country_year_pair_FE_cluster_entity"
"factor(entity_year)Rwanda__2016",-2.97931213674576,0.00000000000000344733868413721,-864235402937037,0,"M4_country_year_pair_FE_cluster_entity"
"factor(entity_year)Rwanda__2018",-3.23329058751969,0.00000000000000354094104234916,-913116188281585,0,"M4_country_year_pair_FE_cluster_entity"
"factor(entity_year)Rwanda__2020",-3.43410354921072,0.00000000000000321642749639648,-1067676343725488,0,"M4_country_year_pair_FE_cluster_entity"
"factor(entity_year)Samoa__2014",-3.88100789361598,0.0000000000000038104213651027,-1018524599184683,0,"M4_country_year_pair_FE_cluster_entity"
"factor(entity_year)Samoa__2017",-4.41016147961477,0.00000000000000321158174327649,-1373205427153626,0,"M4_country_year_pair_FE_cluster_entity"
"factor(entity_year)Senegal__2013",-4.32981205797466,0.00000000000000320769987017009,-1349818322543084,0,"M4_country_year_pair_FE_cluster_entity"
"factor(entity_year)Senegal__2016",-3.06200819839596,0.00000000000000546129164175038,-560674726650299,0,"M4_country_year_pair_FE_cluster_entity"
"factor(entity_year)Senegal__2017",-3.96522803951172,0.00000000000000339269236054322,-1168755554033444,0,"M4_country_year_pair_FE_cluster_entity"
"factor(entity_year)Senegal__2018",-2.62809159236947,0.0000000000000052090759293071,-504521651831452,0,"M4_country_year_pair_FE_cluster_entity"
"factor(entity_year)Senegal__2019",-2.23787490875215,0.00000000000000508562792266347,-440039055704280,0,"M4_country_year_pair_FE_cluster_entity"
"factor(entity_year)Senegal__2021",-2.61412021348605,0.00000000000000808300987458335,-323409256458542,0,"M4_country_year_pair_FE_cluster_entity"
"factor(entity_year)Serbia__2014",-4.63497818689042,0.00000000000000341100507718369,-1358830632617325,0,"M4_country_year_pair_FE_cluster_entity"
"factor(entity_year)Serbia__2016",-4.7000822979307,0.00000000000000325206166587426,-1445262353802005,0,"M4_country_year_pair_FE_cluster_entity"
"factor(entity_year)Serbia__2017",-5.22542043813118,0.00000000000000323766265092309,-1613948394728942,0,"M4_country_year_pair_FE_cluster_entity"
"factor(entity_year)Serbia__2018",-5.66962469140947,0.00000000000000325206166587472,-1743393967864532,0,"M4_country_year_pair_FE_cluster_entity"
"factor(entity_year)Serbia__2019",-2.12429881563164,0.00000000000000320988400144175,-661799247162044,0,"M4_country_year_pair_FE_cluster_entity"
"factor(entity_year)Serbia__2021",-3.02514727616411,0.00000000000000345651729722992,-875200965604451,0,"M4_country_year_pair_FE_cluster_entity"
"factor(entity_year)Seychelles__2017",-5.29457432036342,0.00000000000000330714804781634,-1600948685638479,0,"M4_country_year_pair_FE_cluster_entity"
"factor(entity_year)Sierra Leone__2016",-2.50902042857307,0.00000000000000329866045959541,-760617971842063,0,"M4_country_year_pair_FE_cluster_entity"
"factor(entity_year)Sierra Leone__2018",-6.21399148751867,0.00000000000000478260922185015,-1299288986256498,0,"M4_country_year_pair_FE_cluster_entity"
"factor(entity_year)Sierra Leone__2019",-5.24868344729799,0.00000000000000618250388998619,-848957564879060,0,"M4_country_year_pair_FE_cluster_entity"
"factor(entity_year)Sierra Leone__2021",-1.42588213697804,0.00000000000000322706254051203,-441851411020934,0,"M4_country_year_pair_FE_cluster_entity"
"factor(entity_year)South Africa__2015",-5.19325078692558,0.00000000000000492633797274604,-1054180775995513,0,"M4_country_year_pair_FE_cluster_entity"
"factor(entity_year)South Africa__2017",-4.26544464762094,0.00000000000000316468501653288,-1347825968567960,0,"M4_country_year_pair_FE_cluster_entity"
"factor(entity_year)South Africa__2018",-0.245441222671116,0.00000000000000352241956231021,-69679723931053.2,0,"M4_country_year_pair_FE_cluster_entity"
"factor(entity_year)South Africa__2019",-4.54286624794715,0.00000000000000314889757014034,-1442684668763196,0,"M4_country_year_pair_FE_cluster_entity"
"factor(entity_year)South Sudan__2019",-2.10668450044288,0.00000000000000321763779441125,-654730157664733,0,"M4_country_year_pair_FE_cluster_entity"
"factor(entity_year)Sri Lanka__2013",-1.75521882785572,0.00000000000000451389383947567,-388848052319194,0,"M4_country_year_pair_FE_cluster_entity"
"factor(entity_year)Sri Lanka__2014",-1.06891577730715,0.0000000000000043907196932068,-243448876720814,0,"M4_country_year_pair_FE_cluster_entity"
"factor(entity_year)Sri Lanka__2015",-6.06105523774372,0.00000000000000381777138683163,-1587589885201007,0,"M4_country_year_pair_FE_cluster_entity"
"factor(entity_year)Sri Lanka__2016",-1.23640848608793,0.00000000000000560540024818146,-220574523021626,0,"M4_country_year_pair_FE_cluster_entity"
"factor(entity_year)Sri Lanka__2017",-0.25214723239957,0.0000000000000032115817432766,-78511852587104.8,0,"M4_country_year_pair_FE_cluster_entity"
"factor(entity_year)Sri Lanka__2018",-1.65208534011379,0.00000000000000402160400372142,-410802589858430,0,"M4_country_year_pair_FE_cluster_entity"
"factor(entity_year)Sri Lanka__2019",-1.92370364391006,0.00000000000000321158174327671,-598989469266113,0,"M4_country_year_pair_FE_cluster_entity"
"factor(entity_year)Suriname__2015",-3.30601149034079,0.00000000000000321545892998292,-1028161628660064,0,"M4_country_year_pair_FE_cluster_entity"
"factor(entity_year)Suriname__2016",-2.80571643319854,0.00000000000000336555706975276,-833655877778550,0,"M4_country_year_pair_FE_cluster_entity"
"factor(entity_year)Suriname__2019",-2.88943444445254,0.00000000000000321158174327694,-899692013289471,0,"M4_country_year_pair_FE_cluster_entity"
"factor(entity_year)Syria__2018",-7.58733371687176,0.00000000000000389850603161543,-1946215718365271,0,"M4_country_year_pair_FE_cluster_entity"
"factor(entity_year)Tajikistan__2013",-2.63778081907293,0.00000000000000321315741462219,-820931090107542,0,"M4_country_year_pair_FE_cluster_entity"
"factor(entity_year)Tajikistan__2017",-1.96245519709826,0.0000000000000034599653078388,-567189269976833,0,"M4_country_year_pair_FE_cluster_entity"
"factor(entity_year)Tajikistan__2018",-2.31582637397434,0.00000000000000322464856495521,-718163957195907,0,"M4_country_year_pair_FE_cluster_entity"
"factor(entity_year)Tajikistan__2020",-2.13453092940121,0.00000000000000331424481771161,-644047451773655,0,"M4_country_year_pair_FE_cluster_entity"
"factor(entity_year)Tajikistan__2021",-2.60645553997862,0.00000000000000327782049936876,-795179461621090,0,"M4_country_year_pair_FE_cluster_entity"
"factor(entity_year)Tanzania__2014",-7.11285357260266,0.00000000000000729209547002448,-975419699569400,0,"M4_country_year_pair_FE_cluster_entity"
"factor(entity_year)Tanzania__2015",-2.93552009542865,0.00000000000000325014548294639,-903196521765381,0,"M4_country_year_pair_FE_cluster_entity"
"factor(entity_year)Tanzania__2018",-3.04153564078703,0.0000000000000049009812747194,-620597278442198,0,"M4_country_year_pair_FE_cluster_entity"
"factor(entity_year)Tanzania__2019",-6.14055000923762,0.00000000000000384703104900683,-1596178957490582,0,"M4_country_year_pair_FE_cluster_entity"
"factor(entity_year)Tanzania__2020",-5.21491599802964,0.00000000000000333995030366046,-1561375327146122,0,"M4_country_year_pair_FE_cluster_entity"
"factor(entity_year)Tanzania__2021",-3.20578138576089,0.00000000000000321158174327694,-998193924994066,0,"M4_country_year_pair_FE_cluster_entity"
"factor(entity_year)Thailand__2013",-2.61958022536035,0.00000000000000322706254051241,-811753783037745,0,"M4_country_year_pair_FE_cluster_entity"
"factor(entity_year)Thailand__2020",-4.01523170906247,0.00000000000000322344089925779,-1245635280605578,0,"M4_country_year_pair_FE_cluster_entity"
"factor(entity_year)Togo__2014",-3.40865654557284,0.00000000000000342080765464643,-996447882985444,0,"M4_country_year_pair_FE_cluster_entity"
"factor(entity_year)Togo__2015",-3.58892598280804,0.00000000000000329582640626014,-1088930526192513,0,"M4_country_year_pair_FE_cluster_entity"
"factor(entity_year)Togo__2016",-6.6604257542139,0.00000000000000321545892998236,-2071376403570001,0,"M4_country_year_pair_FE_cluster_entity"
"factor(entity_year)Tonga__2018",-4.78238311095526,0.00000000000000321545892998249,-1487309654731402,0,"M4_country_year_pair_FE_cluster_entity"
"factor(entity_year)Tonga__2020",-5.37149754528669,0.00000000000000324630972392686,-1654647277090099,0,"M4_country_year_pair_FE_cluster_entity"
"factor(entity_year)Tunisia__2018",-4.61448404618418,0.00000000000000327306563946721,-1409835473673948,0,"M4_country_year_pair_FE_cluster_entity"
"factor(entity_year)Tunisia__2019",-3.62653658676962,0.00000000000000357856688626276,-1013404723743185,0,"M4_country_year_pair_FE_cluster_entity"
"factor(entity_year)Turkey__2016",-1.41235677923109,0.00000000000000322609716704429,-437791147042566,0,"M4_country_year_pair_FE_cluster_entity"
"factor(entity_year)Turkey__2019",-1.59573669914081,0.00000000000000332593180829949,-479786354957376,0,"M4_country_year_pair_FE_cluster_entity"
"factor(entity_year)Uganda__2014",-3.59825515290578,0.00000000000000321158174327628,-1120399678581754,0,"M4_country_year_pair_FE_cluster_entity"
"factor(entity_year)Uganda__2015",-2.37993859760739,0.00000000000000321400553307813,-740489888120405,0,"M4_country_year_pair_FE_cluster_entity"
"factor(entity_year)Uganda__2016",-3.72768665568338,0.00000000000000322289730205673,-1156625950601812,0,"M4_country_year_pair_FE_cluster_entity"
"factor(entity_year)Uganda__2018",-5.75111797968883,0.0000000000000045448404269498,-1265416921039976,0,"M4_country_year_pair_FE_cluster_entity"
"factor(entity_year)Uganda__2019",-4.05300231485034,0.00000000000000364112549548492,-1113117996036156,0,"M4_country_year_pair_FE_cluster_entity"
"factor(entity_year)Uganda__2020",-4.5368645751606,0.00000000000000336503643046523,-1348236391762734,0,"M4_country_year_pair_FE_cluster_entity"
"factor(entity_year)Uganda__2021",-4.67688302471906,0.00000000000000412219668597322,-1134560861841769,0,"M4_country_year_pair_FE_cluster_entity"
"factor(entity_year)Ukraine__2019",-2.28656574044281,0.00000000000000334833322914566,-682896708290362,0,"M4_country_year_pair_FE_cluster_entity"
"factor(entity_year)Uruguay__2014",-5.16646073150371,0.00000000000000361321592574086,-1429878766640376,0,"M4_country_year_pair_FE_cluster_entity"
"factor(entity_year)Uruguay__2015",-3.32623299179586,0.00000000000000332593180829977,-1000090556124853,0,"M4_country_year_pair_FE_cluster_entity"
"factor(entity_year)Uruguay__2016",-4.22510663880747,0.00000000000000332593180829972,-1270352755959666,0,"M4_country_year_pair_FE_cluster_entity"
"factor(entity_year)Uruguay__2017",-4.02309687850064,0.0000000000000032260971670442,-1247047646176963,0,"M4_country_year_pair_FE_cluster_entity"
"factor(entity_year)Uzbekistan__2014",-1.87915467497868,0.00000000000000345095100512905,-544532412133857,0,"M4_country_year_pair_FE_cluster_entity"
"factor(entity_year)Uzbekistan__2018",-3.9146127561052,0.00000000000000321890811756122,-1216130629746302,0,"M4_country_year_pair_FE_cluster_entity"
"factor(entity_year)Vanuatu__2014",-2.94121093728535,0.00000000000000321739577123026,-914158887005903,0,"M4_country_year_pair_FE_cluster_entity"
"factor(entity_year)Vanuatu__2017",-5.25829064315594,0.00000000000000340369181378978,-1544878599717049,0,"M4_country_year_pair_FE_cluster_entity"
"factor(entity_year)Vanuatu__2018",-6.62859054666295,0.00000000000000323477515658962,-2049165776842238,0,"M4_country_year_pair_FE_cluster_entity"
"factor(entity_year)Vanuatu__2021",-4.3493370698165,0.00000000000000326711233323602,-1331248095013787,0,"M4_country_year_pair_FE_cluster_entity"
"factor(entity_year)Venezuela__2014",-2.97263484662732,0.00000000000000345095100512878,-861395841960496,0,"M4_country_year_pair_FE_cluster_entity"
"factor(entity_year)Venezuela__2015",-0.931822241842439,0.00000000000000322029884889929,-289358933926563,0,"M4_country_year_pair_FE_cluster_entity"
"factor(entity_year)Vietnam__2015",-5.40696564189556,0.0000000000000033631846158106,-1607692190454540,0,"M4_country_year_pair_FE_cluster_entity"
"factor(entity_year)Vietnam__2016",-1.31989965629377,0.00000000000000372861499385083,-353991940297007,0,"M4_country_year_pair_FE_cluster_entity"
"factor(entity_year)Vietnam__2017",-4.77779292461893,0.00000000000000291892121415331,-1636835177822646,0,"M4_country_year_pair_FE_cluster_entity"
"factor(entity_year)Vietnam__2019",-5.8068301520133,0.00000000000000372861499385029,-1557369200518335,0,"M4_country_year_pair_FE_cluster_entity"
"factor(entity_year)Vietnam__2020",-5.06028754549574,0.00000000000000288457108790546,-1754259954525891,0,"M4_country_year_pair_FE_cluster_entity"
"factor(entity_year)Vietnam__2021",-3.52152800330802,0.00000000000000451182318653496,-780511083372601,0,"M4_country_year_pair_FE_cluster_entity"
"factor(entity_year)Zambia__2013",-2.25726993255789,0.00000000000000326687397533003,-690957150353452,0,"M4_country_year_pair_FE_cluster_entity"
"factor(entity_year)Zambia__2014",-2.29556576841461,0.00000000000000320739640097307,-715710028145626,0,"M4_country_year_pair_FE_cluster_entity"
"factor(entity_year)Zambia__2015",-1.22260047148715,0.00000000000000368998687678058,-331329219401950,0,"M4_country_year_pair_FE_cluster_entity"
"factor(entity_year)Zambia__2016",0.00928511343920666,0.00000000000000342012466559577,2714846488670.1,0,"M4_country_year_pair_FE_cluster_entity"
"factor(entity_year)Zambia__2017",-2.71754079775498,0.00000000000000325206166587375,-835636306123010,0,"M4_country_year_pair_FE_cluster_entity"
"factor(entity_year)Zambia__2018",-0.1690249375405,0.00000000000000325206166587342,-51974702483110.5,0,"M4_country_year_pair_FE_cluster_entity"
"factor(entity_year)Zimbabwe__2013",-5.4658174860896,0.00000000000000322319931182023,-1695773967822950,0,"M4_country_year_pair_FE_cluster_entity"
"factor(entity_year)Zimbabwe__2014",-6.51150238486081,0.00000000000000323092114992487,-2015370255944569,0,"M4_country_year_pair_FE_cluster_entity"
"factor(entity_year)Zimbabwe__2015",-1.93903920830672,0.0000000000000032123090722437,-603627846729069,0,"M4_country_year_pair_FE_cluster_entity"
"factor(entity_year)Zimbabwe__2016",-7.6895058987182,0.00000000000000321158174327633,-2394304898144572,0,"M4_country_year_pair_FE_cluster_entity"
"factor(entity_year)Zimbabwe__2017",-3.01750105562005,0.00000000000000322319931182008,-936181961988606,0,"M4_country_year_pair_FE_cluster_entity"
