"entity","year","strategic_present","social_present","strategic_aid_usd2021","social_aid_usd2021","coverage","strategic_share_of_two_family_aid","strategic_to_social_ratio","log_ratio_strategic_to_social"
"Angola",2013,TRUE,TRUE,4269476743.51534,389895973.904334,"Both families funded",0.916320071917266,10.9502970773505,2.39336658624613
"Angola",2014,TRUE,TRUE,2338185128.73472,62887.7457803049,"Both families funded",0.999973104758205,37180.2980011885,10.5235342763371
"Angola",2015,TRUE,TRUE,2391349592.63209,503937441.529231,"Both families funded",0.825945602082522,4.74533026435858,1.55716103224429
"Angola",2016,TRUE,TRUE,15882221603.4518,907147332.241488,"Both families funded",0.94596894405525,17.5078744532138,2.86265074847896
"Angola",2017,TRUE,TRUE,508526828.693356,185906714.872194,"Both families funded",0.732290128271079,2.73538709477469,1.00627295959745
"Angola",2018,TRUE,TRUE,2073847722.38071,88027954.3212102,"Both families funded",0.959281675967832,23.5589675844713,3.15950653713016
"Angola",2020,TRUE,TRUE,55841850.1193699,1251882.35323121,"Both families funded",0.978073208756636,44.6063082327485,3.79787528922045
"Antigua and Barbuda",2013,TRUE,TRUE,51368731.7982049,6971470.7440421,"Both families funded",0.880503144654088,7.36842105263157,1.99720344344286
"Antigua and Barbuda",2018,TRUE,TRUE,6539098.48727206,57156564.555415,"Both families funded",0.102661596958175,0.114406779661017,-2.16799493902128
"Argentina",2016,TRUE,TRUE,633217718.453124,59069745.5306323,"Both families funded",0.914674541135388,10.7198314935139,2.37209543663048
"Argentina",2018,TRUE,TRUE,247341400.281065,19072370.5878768,"Both families funded",0.928410717938229,12.9685714285714,2.562528847973
"Argentina",2020,TRUE,TRUE,12564416.2768582,13347435.4369154,"Both families funded",0.484890713934562,0.941335609843701,-0.0604555506508378
"Argentina",2021,TRUE,TRUE,44500000,5342000,"Both families funded",0.892821315356527,8.33021340321977,2.11988907448443
"Azerbaijan",2021,TRUE,TRUE,152960000,2700000,"Both families funded",0.982654503404857,56.6518518518519,4.03692467629281
"Bangladesh",2013,TRUE,TRUE,145814689.065766,229969729.863207,"Both families funded",0.388027501196973,0.634060357215278,-0.455611128421194
"Bangladesh",2015,TRUE,TRUE,428137745.614069,5096846.52682163,"Both families funded",0.988235365736529,84.0005174495716,4.43082295893829
"Bangladesh",2016,TRUE,TRUE,1475691890.28945,409926346.102306,"Both families funded",0.782603743328913,3.59989521122696,1.28090473704591
"Bangladesh",2019,TRUE,TRUE,2545740003.36741,449425.844904855,"Both families funded",0.999823490805614,5664.42725141087,8.64196106533424
"Bangladesh",2021,TRUE,TRUE,1506547500,55800000,"Both families funded",0.964284514168583,26.9990591397849,3.29580201872254
"Barbados",2016,TRUE,TRUE,11217642.8294054,27748.9059464239,"Both families funded",0.997532419803644,404.255319148936,6.00204665643852
"Belarus",2013,TRUE,TRUE,456341735.613347,27518963.4633241,"Both families funded",0.943126268540022,16.5828097494129,2.80836660153833
"Belarus",2015,TRUE,TRUE,763099835.194418,37496327.6955205,"Both families funded",0.953164492370075,20.3513219052004,3.0131458682654
"Belarus",2016,TRUE,TRUE,1653126311.70185,71839101.2838889,"Both families funded",0.95835330914865,23.011511588503,3.13599459456683
"Belarus",2017,TRUE,TRUE,202566122.907638,85639845.2996386,"Both families funded",0.702851936646756,2.36532565184926,0.860915708806807
"Belarus",2018,TRUE,TRUE,761411054.247921,229900134.479645,"Both families funded",0.768084798099836,3.31192087369282,1.19752834544439
"Belarus",2021,TRUE,TRUE,19550000,45373643.4108526,"Both families funded",0.301122964961822,0.43086687623864,-0.841956108425222
"Benin",2013,TRUE,TRUE,239066408.593717,17902298.9295124,"Both families funded",0.930332766576669,13.3539502124841,2.59181223714388
"Benin",2014,TRUE,TRUE,6053394.72953849,1796792.73658014,"Both families funded",0.771114671549554,3.369,1.21461596442442
"Benin",2016,TRUE,TRUE,71078560.6845641,22034353.8122148,"Both families funded",0.763358778625955,3.22580645161291,1.17118298150295
"Benin",2021,TRUE,TRUE,840000000,1800000,"Both families funded",0.997861724875267,466.666666666667,6.14561522693524
"Bolivia",2013,TRUE,TRUE,13576021.9752398,5076164.48485425,"Both families funded",0.72785150439523,2.67446455207403,0.98374919286283
"Bolivia",2015,TRUE,TRUE,552608490.460676,9820466.77739824,"Both families funded",0.982539187125742,56.2711022792218,4.03018112236336
"Bolivia",2016,TRUE,TRUE,681630450.954316,64977267.0755006,"Both families funded",0.912970003515413,10.4902911684835,2.35045017878977
"Bolivia",2017,TRUE,TRUE,456480323.493346,4839820.25948809,"Both families funded",0.989508760185245,94.317619047619,4.54666801256464
"Bosnia and Herzegovina",2017,TRUE,TRUE,797877329.586322,6480088.35896265,"Both families funded",0.991943770002748,123.127538605669,4.81322071739681
"Bosnia and Herzegovina",2021,TRUE,TRUE,467422355.294117,1838058.82352941,"Both families funded",0.996083072920213,254.302174288731,5.53852322248484
"Brazil",2019,TRUE,TRUE,2489881600.40493,57874314.9341014,"Both families funded",0.977284199563364,43.0222215716944,3.76171676294546
"Brazil",2020,TRUE,TRUE,130415709.040216,70802084.7731184,"Both families funded",0.648132088960283,1.84197554998735,0.610838664122518
"Brazil",2021,TRUE,TRUE,1880000000,190160,"Both families funded",0.999898861293902,9886.41144299537,9.19891651175419
"Burkina Faso",2019,TRUE,TRUE,34733.8295665708,11734828.1783803,"Both families funded",0.00295115736194078,0.00295989247039534,-5.82260233887517
"Burkina Faso",2021,TRUE,TRUE,6131318.41379186,7740998.68356987,"Both families funded",0.441982285350003,0.792057803446663,-0.233120905681098
"Cambodia",2013,TRUE,TRUE,991331923.273711,90242.9241751867,"Both families funded",0.999908976289565,10985.1485014965,9.30429950329779
"Cambodia",2014,TRUE,TRUE,430573027.167267,20423221.8077299,"Both families funded",0.954715317801098,21.0825222005033,3.04844436549602
"Cambodia",2015,TRUE,TRUE,181482007.946152,196598858.917194,"Both families funded",0.48000844224616,0.923108144908367,-0.0800088845948125
"Cambodia",2016,TRUE,TRUE,345061853.232736,146620536.797431,"Both families funded",0.701798275125463,2.35343466044917,0.855875818758209
"Cambodia",2017,TRUE,TRUE,372798352.696804,56274.4515383598,"Both families funded",0.999849071333863,6624.64657594546,8.79855230240432
"Cambodia",2018,TRUE,TRUE,1901573565.20515,65841411.9366157,"Both families funded",0.96653404965318,28.881117662479,3.36318801350013
"Cambodia",2019,TRUE,TRUE,2099903984.99223,105771539.601663,"Both families funded",0.952045739084339,19.8532043014642,2.98836541987192
"Cambodia",2020,TRUE,TRUE,1023613600.35961,2638137.33449156,"Both families funded",0.997429346779554,388.006184127215,5.96102127796846
"Cambodia",2021,TRUE,TRUE,661000000,121688966.4,"Both families funded",0.844524489773106,5.43188112739201,1.69228550625258
"Cameroon",2013,TRUE,TRUE,610906263.727898,337382492.060353,"Both families funded",0.644219664104412,1.81072307575052,0.593726254868031
"Cameroon",2014,TRUE,TRUE,427127092.23645,1791.36490169425,"Both families funded",0.999995806031925,238436.675761861,12.381859043624
"Cameroon",2015,TRUE,TRUE,1043828507.26538,765045901.113685,"Both families funded",0.577059691059899,1.36439984286678,0.31071465639581
"Cameroon",2016,TRUE,TRUE,357718499.425025,166676934.439011,"Both families funded",0.682154107996626,2.14617877769956,0.763688948147564
"Cameroon",2017,TRUE,TRUE,1080495308.36389,16490685.2127943,"Both families funded",0.984967278242973,65.5215531932895,4.18237914490013
"Cameroon",2018,TRUE,TRUE,44106239.5237972,209328945.981075,"Both families funded",0.174033607195988,0.210703012510199,-1.5573056606463
"Cameroon",2021,TRUE,TRUE,50117647.0588235,21600000,"Both families funded",0.698818897637795,2.3202614379085,0.84167986808298
"Central African Republic",2019,TRUE,TRUE,35696728.5084441,395960.437280489,"Both families funded",0.989029345032288,90.1522605480844,4.50150002474353
"Central African Republic",2021,TRUE,TRUE,200000000,2981319.31545633,"Both families funded",0.985312346350341,67.0843941348789,4.20595144069628
"Chad",2013,TRUE,TRUE,3384109.6565695,1579251.17306577,"Both families funded",0.681818181818182,2.14285714285714,0.762140052046896
"Chile",2018,TRUE,TRUE,3160564268.84815,80648881.343022,"Both families funded",0.97511768661735,39.1891891891891,3.66840092277039
"Chile",2020,TRUE,TRUE,40206132.0859463,3222856.53778931,"Both families funded",0.925790200510728,12.4753092837093,2.52375143361157
"Chile",2021,TRUE,TRUE,252392379,189363600,"Both families funded",0.571338908805126,1.33284527226986,0.287315959643056
"Colombia",2018,TRUE,TRUE,76289482.3515072,1886512.90435717,"Both families funded",0.975868386476146,40.4394171782794,3.69980498203752
"Colombia",2020,TRUE,TRUE,152882575.334064,3091402.58893431,"Both families funded",0.980180010601124,49.4541137674232,3.90104524505193
"Colombia",2021,TRUE,TRUE,89280000,13941090,"Both families funded",0.864939519627239,6.40409035448448,1.85693690410497
"Comoros",2014,TRUE,TRUE,5255618.75449691,32342269.2584425,"Both families funded",0.139784946236559,0.1625,-1.81707727721234
"Comoros",2015,TRUE,TRUE,797690.010411029,106358.668054803,"Both families funded",0.882352941176471,7.50000000000006,2.01490302054227
"Comoros",2018,TRUE,TRUE,115348.017901583,10487046.6453716,"Both families funded",0.0108794306913654,0.0109990945784999,-4.50994232061697
"Comoros",2019,TRUE,TRUE,14722780.7968656,130896.012324128,"Both families funded",0.991187635626814,112.476923746223,4.72274807834823
"Congo",2013,TRUE,TRUE,455328099.305472,267934569.894624,"Both families funded",0.62954735353485,1.69940034048069,0.530275447940758
"Congo",2014,TRUE,TRUE,249096427.066909,473058348.090109,"Both families funded",0.344934958039637,0.526565968178329,-0.64137865957162
"Congo",2015,TRUE,TRUE,546308660.92457,142612258.265223,"Both families funded",0.792991830712671,3.83072722899159,1.3430546621895
"Congo",2016,TRUE,TRUE,2496205325.29197,3304302.56051487,"Both families funded",0.998678019670861,755.440907597462,6.62730156236977
"Congo",2017,TRUE,TRUE,1453212177.5343,166328152.740779,"Both families funded",0.897299159748292,8.7370186801697,2.16756901936674
"Congo",2019,TRUE,TRUE,338303057.622905,49309377.8794908,"Both families funded",0.872786904229274,6.86082591529947,1.92582783030705
"Cook Islands",2013,TRUE,TRUE,10172882.9736454,386889.172940564,"Both families funded",0.963361977174323,26.294049265649,3.2693426499187
"Costa Rica",2013,TRUE,TRUE,449111546.481307,4483455.72709094,"Both families funded",0.990115729438679,100.170844504516,4.60687717330108
"Costa Rica",2014,TRUE,TRUE,55354761.5704244,57568.9520332413,"Both families funded",0.998961080476305,961.538461538463,6.86853456582886
"Cote d'Ivoire",2013,TRUE,TRUE,564018276.094917,4495173.9543873,"Both families funded",0.992093108871923,125.471957663492,4.83208228869189
"Cote d'Ivoire",2014,TRUE,TRUE,901622072.617197,163604957.767969,"Both families funded",0.84641306209737,5.51097035760928,1.70674071611858
"Cote d'Ivoire",2015,TRUE,TRUE,912178421.197142,910799.346348629,"Both families funded",0.999002507831812,1001.51413684479,6.90926827067753
"Cote d'Ivoire",2017,TRUE,TRUE,138128199.23052,26064862.3562034,"Both families funded",0.841254788087153,5.29940259583398,1.66759409643778
"Cote d'Ivoire",2018,TRUE,TRUE,588261920.845608,443105172.37608,"Both families funded",0.570371039285392,1.32758983085471,0.283365141038258
"Cote d'Ivoire",2019,TRUE,TRUE,673480010.555876,664802037.560168,"Both families funded",0.503242206307678,1.01305346931179,0.0129690070046532
"Cote d'Ivoire",2020,TRUE,TRUE,607608114.435035,142539739.991899,"Both families funded",0.809984472859967,4.26272781520135,1.44990928756298
"Cote d'Ivoire",2021,TRUE,TRUE,69816654.73675,16531200,"Both families funded",0.80855112092363,4.22332648184947,1.44062308337068
"Cuba",2015,TRUE,TRUE,120689514.75252,809041.023520332,"Both families funded",0.99334114699263,149.176013630769,5.00512690829553
"Djibouti",2013,TRUE,TRUE,554760480.111095,420841036.972335,"Both families funded",0.568634294224508,1.31821859413288,0.276281275236346
"Dominica",2013,TRUE,TRUE,4386808.81407158,2517192.67664583,"Both families funded",0.635400907715583,1.74273858921162,0.555457777786762
"Ecuador",2013,TRUE,TRUE,781368062.238805,4512146.20875934,"Both families funded",0.994258480923355,173.169934237049,5.1542733912045
"Ecuador",2014,TRUE,TRUE,2297990897.56707,33212856.9422546,"Both families funded",0.985752915472099,69.1897990456668,4.23685343912244
"Ecuador",2015,TRUE,TRUE,114472108.097053,17444720.0754874,"Both families funded",0.867759706497259,6.5619916858342,1.88129416752107
"Ecuador",2016,TRUE,TRUE,7941459.46365534,412788623.818672,"Both families funded",0.0188754257877165,0.0192385618338742,-3.95083858529754
"Ecuador",2019,TRUE,TRUE,63841128.3509735,120043193.311742,"Both families funded",0.347180922080308,0.531817978093797,-0.631453994626171
"Egypt",2016,TRUE,TRUE,3553928.0342282,266544.602567115,"Both families funded",0.930232558139535,13.3333333333333,2.59026716544583
"Egypt",2017,TRUE,TRUE,1021932403.66985,115233.815702097,"Both families funded",0.999887252011085,8868.33780035332,9.0902426620668
"Egypt",2018,TRUE,TRUE,816334400.977775,54492487.3939338,"Both families funded",0.937424431742312,14.980677888245,2.70676122995204
"Egypt",2019,TRUE,TRUE,3439231278.13441,10815283.0182811,"Both families funded",0.996865177664539,317.997344343284,5.76204303162356
"El Salvador",2019,TRUE,TRUE,730316.99797039,144239079.353658,"Both families funded",0.00503773221348719,0.0050632394580094,-5.28574879143641
"El Salvador",2021,TRUE,TRUE,42500000,14029200,"Both families funded",0.751823836176702,3.02939583155134,1.10836320411173
"Equatorial Guinea",2016,TRUE,TRUE,350454019.973433,23100532.2224833,"Both families funded",0.938160217599576,15.1708201611192,2.71937385657396
"Equatorial Guinea",2017,TRUE,TRUE,541012835.484382,201897191.91591,"Both families funded",0.728234665747586,2.67964517163623,0.985684387114093
"Equatorial Guinea",2019,TRUE,TRUE,107467886.933818,620621163.961143,"Both families funded",0.147602668659445,0.173161814605064,-1.75352877710854
"Equatorial Guinea",2021,TRUE,TRUE,6439074.35,5760000,"Both families funded",0.527833027757553,1.11789485243056,0.111447320605623
"Eritrea",2014,TRUE,TRUE,109159589.816876,32342269.2584425,"Both families funded",0.771435729044186,3.37513700552664,1.21643591773069
"Eritrea",2015,TRUE,TRUE,108299592.464368,1071323.64844344,"Both families funded",0.990204675186789,101.089519139916,4.61600645240241
"Ethiopia",2014,TRUE,TRUE,888364050.048489,50786446.4059887,"Both families funded",0.945922994666222,17.4921482583537,2.86175210929532
"Ethiopia",2015,TRUE,TRUE,779133513.725139,44779459.1131763,"Both families funded",0.945650256047171,17.3993507102429,2.85643289002096
"Ethiopia",2016,TRUE,TRUE,793108001.614839,164152238.995021,"Both families funded",0.8285186911237,4.83153934707462,1.57516512228718
"Ethiopia",2017,TRUE,TRUE,969728641.65255,24008.9499981006,"Both families funded",0.999975242191931,40390.2978568104,10.606344883049
"Ethiopia",2018,TRUE,TRUE,2807452950.53547,265300441.17364,"Both families funded",0.913660353645863,10.5821646512,2.35917000391485
"Fiji",2013,TRUE,TRUE,9172987.82110803,8095546.47686392,"Both families funded",0.531196664570735,1.13309062548443,0.124948966035442
"Fiji",2015,TRUE,TRUE,16248408.6680589,1399434.47616866,"Both families funded",0.920702237393446,11.6106962810745,2.45192676644162
"Fiji",2017,TRUE,TRUE,9784469.62165662,14449902.9307023,"Both families funded",0.403743468105767,0.677130474064786,-0.389891300761638
"Fiji",2019,TRUE,TRUE,15704286.489487,22471.2922452427,"Both families funded",0.998571142726485,698.859963997473,6.54945038453475
"Gabon",2015,TRUE,TRUE,191739856.610509,209080960.388351,"Both families funded",0.478368010040392,0.917060339948541,-0.0865820074198933
"Gabon",2016,TRUE,TRUE,182300616.308084,110911137.188635,"Both families funded",0.621737069316096,1.64366375576901,0.496927747594217
"Gabon",2020,TRUE,TRUE,56906652.6705097,72147.6703542259,"Both families funded",0.998733780460055,788.752462707571,6.67045253614224
"Gabon",2021,TRUE,TRUE,11764705.8823529,14400000,"Both families funded",0.449640287769783,0.816993464052285,-0.202124184090138
"Gambia",2017,TRUE,TRUE,98749725.4449498,119370.048717733,"Both families funded",0.998792645486219,827.257142857143,6.71811558122458
"Ghana",2014,TRUE,TRUE,191663624.923136,927285.431931238,"Both families funded",0.995185206663068,206.693234168428,5.33123573353675
"Ghana",2016,TRUE,TRUE,832387736.227003,1322693.74120072,"Both families funded",0.998413485433724,629.31252360155,6.44462799117954
"Ghana",2017,TRUE,TRUE,110965896.260586,17052864.1025332,"Both families funded",0.866794022577913,6.50717061916315,1.87290474103326
"Ghana",2018,TRUE,TRUE,702648509.283756,132192915.920095,"Both families funded",0.841655059357152,5.31532650137227,1.67059444008068
"Ghana",2019,TRUE,TRUE,391339918.430847,338735525.906326,"Both families funded",0.53602668253846,1.15529635512476,0.14435689558518
"Ghana",2020,TRUE,TRUE,378579845.667743,311196569.879425,"Both families funded",0.548844287996471,1.21652962246475,0.196002233511969
"Grenada",2017,TRUE,TRUE,78613703.5126785,64442773.4434733,"Both families funded",0.549529145309334,1.21989944429743,0.198768432641206
"Grenada",2019,TRUE,TRUE,55179506.5133184,133163.213305142,"Both families funded",0.997592536864279,414.375,6.02677136094013
"Grenada",2020,TRUE,TRUE,620465.001326332,549899.723547155,"Both families funded",0.530146703963077,1.12832390117237,0.120733258286625
"Guinea",2015,TRUE,TRUE,87609924.8579158,17956.4091132632,"Both families funded",0.999795083381526,4879.03368125001,8.49270246310212
"Guinea",2018,TRUE,TRUE,1943378672.61806,277911685.709062,"Both families funded",0.874887276817624,6.99279221620256,1.94487993516754
"Guinea",2020,TRUE,TRUE,926974711.981541,551270.74437842,"Both families funded",0.999405654661276,1681.52350081037,7.4274555071816
"Guinea-Bissau",2013,TRUE,TRUE,2538082.24242712,5151833.17677515,"Both families funded",0.330053336619197,0.492656139152367,-0.70794383480268
"Guyana",2015,TRUE,TRUE,48209564.1799549,452171.076944159,"Both families funded",0.990707871912972,106.617974121128,4.66925211028676
"Guyana",2017,TRUE,TRUE,53518521.1178853,3606594.14126961,"Both families funded",0.936865000185858,14.8390750446474,2.69726390726893
"Guyana",2021,TRUE,TRUE,210000000,489496.402877698,"Both families funded",0.997674485372226,429.012345679012,6.0614856963205
"Indonesia",2015,TRUE,TRUE,2123054135.62974,305489803.292756,"Both families funded",0.874208657131278,6.94967266581786,1.93869456002406
"Indonesia",2016,TRUE,TRUE,4747741817.00582,1776964.0171141,"Both families funded",0.999625864408787,2671.82777550918,7.8905180773057
"Indonesia",2020,TRUE,TRUE,464337123.275195,3996991.45855238,"Both families funded",0.991465512904554,116.171657630554,4.75506890443067
"Indonesia",2021,TRUE,TRUE,686666663.999996,75944125.0790698,"Both families funded",0.90041561676464,9.04173513468051,2.20185109566307
"Iran",2014,TRUE,TRUE,3896127252.18173,215622788.462682,"Both families funded",0.947559363693983,18.0691812769875,2.89420779516525
"Iran",2017,TRUE,TRUE,3413247915.28948,377966915.502879,"Both families funded",0.9003045376292,9.03054678938819,2.20061291813035
"Iraq",2019,TRUE,TRUE,1273373225.73234,528075.367763205,"Both families funded",0.999585466026836,2411.34751489362,7.7879410050377
"Iraq",2021,TRUE,TRUE,756950000,1647400000,"Both families funded",0.314825212635432,0.459481607381328,-0.77765636544926
"Jamaica",2013,TRUE,TRUE,855082469.898156,7485443.46639774,"Both families funded",0.99132190828059,114.232706951383,4.73823765684215
"Jamaica",2014,TRUE,TRUE,22870337.8633891,8998191.76143082,"Both families funded",0.717646472323504,2.5416593099759,0.932817139385466
"Jamaica",2016,TRUE,TRUE,203638777.705733,6140183.44346403,"Both families funded",0.970730222850627,33.1649338461538,3.50149310828697
"Jamaica",2017,TRUE,TRUE,376123174.451645,2650377.76114824,"Both families funded",0.99300273805902,141.913043478261,4.95521450015485
"Jordan",2016,TRUE,TRUE,153504586.086601,3553928.0342282,"Both families funded",0.977371949211909,43.1929359875001,3.76567696307154
"Kazakhstan",2013,TRUE,TRUE,789625586.532884,107325571.310584,"Both families funded",0.880344018320211,7.35729218014438,1.99569195473871
"Kazakhstan",2014,TRUE,TRUE,221419046.281697,70521.9662407207,"Both families funded",0.999681601409951,3139.7174254317,8.05188808295205
"Kazakhstan",2015,TRUE,TRUE,1638713900.05285,71488.9537821792,"Both families funded",0.999956376866512,22922.6168989111,10.0398793396563
"Kazakhstan",2016,TRUE,TRUE,2715850369.22447,75217.2471824343,"Both families funded",0.999972305114854,36106.7503924647,10.4942351183213
"Kazakhstan",2017,TRUE,TRUE,4087384597.55833,19893620.2413629,"Both families funded",0.995156495570436,205.46208020297,5.32526149234978
"Kazakhstan",2018,TRUE,TRUE,792552151.61792,31585.2465265919,"Both families funded",0.999960149010057,25092.4795204832,10.1303234595267
"Kazakhstan",2019,TRUE,TRUE,2471056918.12663,69708353.0610909,"Both families funded",0.972564032635528,35.4485052309449,3.56808108653047
"Kazakhstan",2020,TRUE,TRUE,827900580.318235,1459761.80397044,"Both families funded",0.998239894374217,567.147720995581,6.34061980065189
"Kenya",2013,TRUE,TRUE,298665125.018923,91188441.8525892,"Both families funded",0.766095658469009,3.27525198315956,1.18639480755014
"Kenya",2014,TRUE,TRUE,3997191098.74444,58876248.4406739,"Both families funded",0.985484400676549,67.8914028085905,4.21790941106356
"Kenya",2015,TRUE,TRUE,1723718364.23349,2447884.93870196,"Both families funded",0.998581895029013,704.166416068366,6.55701471468391
"Kenya",2016,TRUE,TRUE,229950576.621994,720054589.191474,"Both families funded",0.24205192234412,0.3193515881625,-1.14146262587746
"Kenya",2017,TRUE,TRUE,1415627385.72939,464159504.971734,"Both families funded",0.753078656273312,3.04987266352673,1.11509984008441
"Kenya",2018,TRUE,TRUE,196133419.371748,186584655.737859,"Both families funded",0.512474931620559,1.05117657503039,0.0499100844725141
"Kenya",2019,TRUE,TRUE,562905870.743331,99607554.4487465,"Both families funded",0.849652021134714,5.65123673458901,1.73187441228289
"Kenya",2020,TRUE,TRUE,39533491.6185994,868785.184263042,"Both families funded",0.978496628086032,45.5043344830221,3.81780758478276
"Kenya",2021,TRUE,TRUE,18241517.6942721,3603500,"Both families funded",0.835042477400013,5.06216669745306,1.62179459272514
"Kiribati",2021,TRUE,TRUE,6986466.16541352,12218272.9323308,"Both families funded",0.363788652886938,0.571804722656556,-0.558957739847593
"Kyrgyzstan",2017,TRUE,TRUE,224991524.29422,170528.641025333,"Both families funded",0.999242640405866,1319.37675068199,7.18491474550421
"Kyrgyzstan",2018,TRUE,TRUE,88189801.8913944,7367384.29565985,"Both families funded",0.922900782352066,11.970300224918,2.48242860070213
"Laos",2013,TRUE,TRUE,821483095.773085,146393934.000735,"Both families funded",0.848747382676346,5.61145583920821,1.72481019374851
"Laos",2014,TRUE,TRUE,2550834112.70521,64805657.9540926,"Both families funded",0.975223783228469,39.3612871658857,3.67278277403465
"Laos",2015,TRUE,TRUE,1517150394.39799,10970354.1600608,"Both families funded",0.992821016159611,138.295480005686,4.92939255560363
"Laos",2016,TRUE,TRUE,4402779571.5871,181130749.046507,"Both families funded",0.960485538246422,24.3071902190204,3.19077220036542
"Laos",2017,TRUE,TRUE,1028457607.41773,112741600.441078,"Both families funded",0.901207782423359,9.12225481449706,2.21071701195955
"Laos",2018,TRUE,TRUE,543691780.72974,27246.2436969669,"Both families funded",0.999949889111204,19954.7426344962,9.90122212010556
"Laos",2019,TRUE,TRUE,3977418727.40797,35752609.5661817,"Both families funded",0.991091182866581,111.248347342181,4.71176506558483
"Laos",2020,TRUE,TRUE,96047982.2053162,1784018.31622333,"Both families funded",0.98176447065671,53.8380022962121,3.98597958019437
"Lebanon",2013,TRUE,TRUE,5391864.91548717,18345975.6422161,"Both families funded",0.227142182642112,0.293899055609771,-1.22451891886705
"Lebanon",2019,TRUE,TRUE,289879669.963632,34851063.2812992,"Both families funded",0.892677040657521,8.31767075867608,2.11838225874798
"Lesotho",2018,TRUE,TRUE,115348017.901583,70903544.4604636,"Both families funded",0.619313021800928,1.62683006582135,0.486633376452163
"Lesotho",2020,TRUE,TRUE,77935799.514425,1747301.79115889,"Both families funded",0.978071865144179,44.6035137769386,3.79781264015899
"Liberia",2014,TRUE,TRUE,4428380.92563395,22141.9046281697,"Both families funded",0.995024875621891,200,5.29831736654804
"Liberia",2015,TRUE,TRUE,1122275.56957895,18068636.670221,"Both families funded",0.0584795321637429,0.0621118012422362,-2.77881927199041
"Liberia",2016,TRUE,TRUE,62193740.5989936,5501480.59698525,"Both families funded",0.918731625367493,11.3049095607235,2.42523710576193
"Liberia",2019,TRUE,TRUE,42819358.0315306,25841.9860820291,"Both families funded",0.999396852247827,1656.96854319211,7.41274503305331
"Madagascar",2016,TRUE,TRUE,143700.3662537,118080.450835846,"Both families funded",0.548933905285142,1.21697,0.19636416292095
"Madagascar",2017,TRUE,TRUE,153688944.086495,41414846.7204252,"Both families funded",0.787729154061336,3.71096252327062,1.31129128320522
"Madagascar",2018,TRUE,TRUE,111684063.168882,656703.447939635,"Both families funded",0.994154362056478,170.067727707664,5.13619675599112
"Madagascar",2019,TRUE,TRUE,178345816.791625,865144.751441847,"Both families funded",0.995172478602912,206.145638050043,5.32858289982181
"Malawi",2014,TRUE,TRUE,13122499.8037506,446164.99332752,"Both families funded",0.967117988394584,29.4117647058824,3.38139475436598
"Malawi",2015,TRUE,TRUE,2025794.3656016,41524421.1626841,"Both families funded",0.0465162879454834,0.0487856135950687,-3.02031981296583
"Malawi",2017,TRUE,TRUE,23046763.1404194,374358.598531662,"Both families funded",0.984016196888252,61.5633332072916,4.12006645317236
"Malawi",2018,TRUE,TRUE,24717432.4074821,1121529.80493625,"Both families funded",0.956595400553772,22.0390330231903,3.09281510960129
"Malaysia",2015,TRUE,TRUE,2221471252.18812,56113778.4789476,"Both families funded",0.975362597785202,39.5886948340424,3.6785435935133
"Malaysia",2017,TRUE,TRUE,1930384216.40676,164071.774026907,"Both families funded",0.999915012861874,11765.4863419115,9.3729256383361
"Malaysia",2018,TRUE,TRUE,6496242877.38136,27203537.4000792,"Both families funded",0.995829882600332,238.80140225302,5.47563225358253
"Malaysia",2019,TRUE,TRUE,1396446954.23194,207082.678495519,"Both families funded",0.999851729438341,6743.42713923395,8.81632355230656
"Maldives",2014,TRUE,TRUE,30545476.5218624,395377.83678791,"Both families funded",0.987221495818929,77.2564207696036,4.34713002908247
"Maldives",2015,TRUE,TRUE,419549815.518041,1698265.40593577,"Both families funded",0.995968491055886,247.046082462513,5.50957488790035
"Maldives",2016,TRUE,TRUE,298726546.42914,642495.088716589,"Both families funded",0.997853835902807,464.947595203971,6.14192470075032
"Maldives",2017,TRUE,TRUE,35666753.4897003,608607302.961323,"Both families funded",0.0553595991217934,0.0586038868021387,-2.8369542569172
"Maldives",2018,TRUE,TRUE,167196731.384801,22562368.5292567,"Both families funded",0.881099939136119,7.41042462665196,2.00288774220758
"Maldives",2021,TRUE,TRUE,1302083.33333333,3975875,"Both families funded",0.246702086507566,0.327496043847789,-1.11627930383387
"Mali",2013,TRUE,TRUE,407414077.886035,606207.743893683,"Both families funded",0.998514270576136,672.070065072424,6.51036259858872
"Mali",2014,TRUE,TRUE,111097917.501226,1074818.94101655,"Both families funded",0.990418180253898,103.364309337674,4.63825973167364
"Mali",2017,TRUE,TRUE,62754.5398973225,51158592.3075998,"Both families funded",0.00122516379907314,0.00122666666666667,-6.7034548154694
"Mauritania",2013,TRUE,TRUE,209210784.530281,18345975.642216,"Both families funded",0.919378463516931,11.403633614822,2.43393204275652
"Mauritania",2016,TRUE,TRUE,3014563.20892194,584621.161630539,"Both families funded",0.837568431777559,5.15643874490305,1.64024617550301
"Mauritania",2018,TRUE,TRUE,49434864.8149642,322974.450124432,"Both families funded",0.993509074049543,153.061224489796,5.03083800141378
"Mauritius",2016,TRUE,TRUE,125092.847533228,47807439.9164377,"Both families funded",0.00260976919682525,0.00261659791346027,-5.94588031131185
"Mauritius",2017,TRUE,TRUE,4166966.03734929,33335.7282987943,"Both families funded",0.992063492063492,125,4.8283137373023
"Mauritius",2018,TRUE,TRUE,8965.41697486793,80855444.0398886,"Both families funded",0.0001108697514158,0.000110882044880553,-9.10704358040781
"Mauritius",2019,TRUE,TRUE,16362001.540516,216713.257303165,"Both families funded",0.986928223330576,75.500694992678,4.32414186141364
"Mexico",2017,TRUE,TRUE,11235297.0309544,43327914.7039886,"Both families funded",0.205913410770854,0.259308510638296,-1.3497367653861
"Mexico",2020,TRUE,TRUE,72578316.4480592,594660.97927739,"Both families funded",0.991873216039789,122.049905706364,4.80443002425664
"Micronesia",2015,TRUE,TRUE,4473097.62934591,145895.824045263,"Both families funded",0.96841393573785,30.6595316118038,3.42294359647778
"Micronesia",2016,TRUE,TRUE,13504926.5300671,328080.545968542,"Both families funded",0.976282774658815,41.1634481105808,3.71755068079479
"Micronesia",2017,TRUE,TRUE,18032447.6114878,53353.2566700711,"Both families funded",0.997049992031926,337.982135242426,5.82299303977383
"Micronesia",2019,TRUE,TRUE,274149.765391962,13482775.3471456,"Both families funded",0.0199281280627247,0.0203333333333335,-3.89549370347693
"Micronesia",2020,TRUE,TRUE,27920925.0596848,420514.818649909,"Both families funded",0.985162545712035,66.3970062917802,4.19565196949882
"Micronesia",2021,TRUE,TRUE,25000000,150000,"Both families funded",0.99403578528827,166.666666666667,5.11599580975408
"Moldova",2014,TRUE,TRUE,1329626.6250693,844492.586192666,"Both families funded",0.611570247933884,1.57446808510638,0.453917491494108
"Mongolia",2014,TRUE,TRUE,83032142.3556366,108663938.370061,"Both families funded",0.433144705104583,0.764118654275775,-0.26903219523076
"Mongolia",2015,TRUE,TRUE,81522471.0919797,252290124.768673,"Both families funded",0.244216282138169,0.32312985364262,-1.12970101288798
"Mongolia",2016,TRUE,TRUE,297291365.373621,297486105.280291,"Both families funded",0.499836291792916,0.999345381504503,-0.000654832851737329
"Mongolia",2017,TRUE,TRUE,154912414.630679,374480.895691631,"Both families funded",0.997588457838491,413.672410029276,6.02507438047543
"Mongolia",2018,TRUE,TRUE,75428260.9458852,198594398.509829,"Both families funded",0.275262859997443,0.379810616572613,-0.968082527933513
"Mongolia",2019,TRUE,TRUE,126143443.422109,57958661.2298871,"Both families funded",0.685181973669203,2.17643818448072,0.777689680265616
"Montenegro",2017,TRUE,TRUE,3410572.82050666,146453.158918514,"Both families funded",0.958827076393133,23.2878064610698,3.14792989573676
"Montenegro",2018,TRUE,TRUE,44684892.8120102,681524.983895408,"Both families funded",0.984977324263039,65.566037735849,4.18305784444677
"Morocco",2014,TRUE,TRUE,331995717.994777,7098324.42471018,"Both families funded",0.979066797003974,46.7709980737225,3.8452633115512
"Morocco",2018,TRUE,TRUE,261349746.489803,57359363.5887628,"Both families funded",0.820025967959865,4.55635715144168,1.51652343396149
"Mozambique",2013,TRUE,TRUE,120349600.212937,108800424.956818,"Both families funded",0.525200030520537,1.10615009326207,0.100885602086175
"Mozambique",2017,TRUE,TRUE,2099732106.26715,91275072.9956117,"Both families funded",0.958341043397985,23.0044418191602,3.13568731985557
"Mozambique",2020,TRUE,TRUE,175901827.876015,146929.624145983,"Both families funded",0.999165403799309,1197.18422270819,7.08772759739871
"Myanmar",2013,TRUE,TRUE,237085082.356498,50761.6448485425,"Both families funded",0.999785938540577,4670.55555555555,8.44903330623318
"Myanmar",2014,TRUE,TRUE,110709523.140848,44836072.2099993,"Both families funded",0.711749650584014,2.46920654918915,0.903896863886731
"Myanmar",2015,TRUE,TRUE,5712833.35532466,47695310.9733079,"Both families funded",0.106965584128373,0.119777672872744,-2.12211798068032
"Myanmar",2016,TRUE,TRUE,102440695.122638,29274396.3129501,"Both families funded",0.777744554599759,3.49932733121199,1.25257075894201
"Myanmar",2017,TRUE,TRUE,314588316.866726,9570790.37773177,"Both families funded",0.970475022407702,32.8696277371902,3.49254906230595
"Myanmar",2018,TRUE,TRUE,23135969.4319041,34593844.5693229,"Both families funded",0.400762930422959,0.668788616007734,-0.40228723887605
"Myanmar",2019,TRUE,TRUE,13089601.2324128,1457771.97194082,"Both families funded",0.899791395225596,8.97918294792415,2.1949088924201
"Myanmar",2020,TRUE,TRUE,48023991.1026581,14471257.2430443,"Both families funded",0.768442279595494,3.31857766717132,1.1995362776305
"Myanmar",2021,TRUE,TRUE,126000000,165769570.36169,"Both families funded",0.431847638682146,0.760091250312603,-0.274316786708337
"Namibia",2013,TRUE,TRUE,117761887.638511,33122.2291184889,"Both families funded",0.999718814666634,3555.37325755579,8.17621533181879
"Namibia",2014,TRUE,TRUE,154993332.397188,215350.20088126,"Both families funded",0.998612511895105,719.726899547442,6.5788718338712
"Namibia",2017,TRUE,TRUE,34105728.2050665,28569.4928404992,"Both families funded",0.999163026786333,1193.78136656032,7.08488116710237
"Namibia",2018,TRUE,TRUE,73657948.5742966,29166431.0521564,"Both families funded",0.716347123531267,2.52543578069524,0.926413634249959
"Nepal",2013,TRUE,TRUE,73163750.8611576,49350674.4775611,"Both families funded",0.597184785864032,1.48252788104089,0.393748658485846
"Nepal",2014,TRUE,TRUE,566609.835945886,22141.9046281697,"Both families funded",0.962391780605896,25.5899320975769,3.24219899669326
"Nepal",2016,TRUE,TRUE,251156094.178907,17207984.1158323,"Both families funded",0.935878213562796,14.5953234549903,2.68070116610163
"Nepal",2017,TRUE,TRUE,170528641.025332,1534757.76922799,"Both families funded",0.991080277502478,111.111111111111,4.71053070164592
"Nepal",2018,TRUE,TRUE,229160747.256525,9948017.14516142,"Both families funded",0.958395430756986,23.035821502176,3.13705046096776
"Nepal",2019,TRUE,TRUE,71834095.3633278,11235.6461226213,"Both families funded",0.999843613412803,6393.41027470601,8.76302309432245
"Nepal",2021,TRUE,TRUE,7800000,141086663.803101,"Both families funded",0.0523888426321065,0.0552851686314279,-2.89525060477215
"Niger",2013,TRUE,TRUE,84852927.5846847,57037638.2716497,"Both families funded",0.598016697393392,1.48766551624316,0.397208123671418
"Nigeria",2013,TRUE,TRUE,1675495251.6986,14167.3269690132,"Both families funded",0.999991544465935,118264.740791488,11.6806809564412
"Nigeria",2017,TRUE,TRUE,1991401692.86547,49250349.8172295,"Both families funded",0.975865385775184,40.434264939349,3.69967756756096
"Nigeria",2018,TRUE,TRUE,253936135.478083,415463791.280009,"Both families funded",0.379348914344669,0.611211231418573,-0.492312665286599
"Nigeria",2019,TRUE,TRUE,1274264084.82169,78589702.5820594,"Both families funded",0.941908206700681,16.2141354777512,2.78588342213386
"Nigeria",2020,TRUE,TRUE,2872871963.92171,2247069.62706394,"Both families funded",0.999218442923287,1278.49708318805,7.15344051329575
"Nigeria",2021,TRUE,TRUE,50000000,8472280.18469398,"Both families funded",0.855106040709667,5.90159896863775,1.77522332582817
"North Macedonia",2019,TRUE,TRUE,201898462.687809,5010044.87170603,"Both families funded",0.975786182352773,40.2987334161457,3.69632003957898
"Pakistan",2015,TRUE,TRUE,12152417543.1476,44711310.0271169,"Both families funded",0.996334275831195,271.797393898262,5.60505691336446
"Pakistan",2016,TRUE,TRUE,5877705864.0994,50387644.0518989,"Both families funded",0.991500194120991,116.649745680616,4.75917581827317
"Pakistan",2017,TRUE,TRUE,6922231675.65442,41109339.4919769,"Both families funded",0.994096319654235,168.385864652615,5.12625815916765
"Pakistan",2018,TRUE,TRUE,1586821232.91135,47537125.7340092,"Both families funded",0.970913890773985,33.3806726513147,3.50797706935824
"Pakistan",2019,TRUE,TRUE,294373928.41268,30462981.4552793,"Both families funded",0.906220689429468,9.66333281740105,2.26833860087474
"Pakistan",2020,TRUE,TRUE,1307989602.34906,23385993.7400891,"Both families funded",0.982434713533293,55.9304691896357,4.02410929767075
"Pakistan",2021,TRUE,TRUE,1709655813.95349,85009205.2776925,"Both families funded",0.952632271556666,20.1114197970525,3.00128780283652
"Panama",2018,TRUE,TRUE,16313505.3889381,11864367.5555914,"Both families funded",0.578947368421051,1.37499999999999,0.31845373111853
"Papua New Guinea",2013,TRUE,TRUE,135364386.26278,116259827.798635,"Both families funded",0.537962480152014,1.16432639567671,0.152142718659058
"Papua New Guinea",2014,TRUE,TRUE,127572284.29719,39126101.2846444,"Both families funded",0.765288061140599,3.2605416872255,1.1818933433009
"Papua New Guinea",2017,TRUE,TRUE,454021233.866263,182693498.108605,"Both families funded",0.713068523572632,2.4851526658949,0.910334092629307
"Papua New Guinea",2018,TRUE,TRUE,188250489.959584,3806711.46214931,"Both families funded",0.980179282870054,49.4522613104215,3.90100778625313
"Peru",2014,TRUE,TRUE,7943408285.35589,3593585.47316028,"Both families funded",0.999547806137261,2210.4408938325,7.70094727408614
"Peru",2016,TRUE,TRUE,33447203.1867838,14038015.7352014,"Both families funded",0.70437083256866,2.38261616297468,0.868199112115121
"Peru",2017,TRUE,TRUE,589769592.687321,14472148.8172194,"Both families funded",0.976049074694535,40.7520403594519,3.707505908604
"Peru",2020,TRUE,TRUE,918040015.962439,9614895.5438702,"Both families funded",0.989635266924575,95.4810181528928,4.55892746493381
"Peru",2021,TRUE,TRUE,333333333,38720333.5936083,"Both families funded",0.895928095674697,8.6087412494562,2.15277811140536
"Philippines",2016,TRUE,TRUE,2225816498.2557,11370548.2362243,"Both families funded",0.99491747985308,195.75278623459,5.27685256840737
"Philippines",2017,TRUE,TRUE,351463137.891397,9217834.94547923,"Both families funded",0.974443245860801,38.1285996082809,3.64096464642558
"Philippines",2018,TRUE,TRUE,394272181.260539,9362481.3004467,"Both families funded",0.976804565690559,42.1119325751526,3.74033113461762
"Philippines",2019,TRUE,TRUE,285059101.344396,314793368.843802,"Both families funded",0.475215349625819,0.905543539215528,-0.0992199197494339
"Philippines",2020,TRUE,TRUE,6576881.33429121,6989994.9241986,"Both families funded",0.484774918631366,0.940899300444806,-0.0609191584654889
"Philippines",2021,TRUE,TRUE,16237061.0919423,127336380.532779,"Both families funded",0.113092372156011,0.127513135083674,-2.05953589942577
"Russia",2020,TRUE,TRUE,4315052054.66589,395370.127010759,"Both families funded",0.99990838258746,10913.9557085163,9.29779758951147
"Russia",2021,TRUE,TRUE,7541176470.58823,3120,"Both families funded",0.999999586271622,2417043.74057315,14.6980557565732
"Rwanda",2013,TRUE,TRUE,724542.389617739,1868479.74504724,"Both families funded",0.279420055822759,0.387771069789906,-0.947340139807564
"Rwanda",2014,TRUE,TRUE,13285142.7769018,29347712.6419454,"Both families funded",0.311617475451308,0.452680688917266,-0.79256828302184
"Rwanda",2016,TRUE,TRUE,86715844.0351682,49593789.3510556,"Both families funded",0.636168126059476,1.74852224784317,0.558771001399833
"Rwanda",2018,TRUE,TRUE,140942246.091295,18360380.1092715,"Both families funded",0.884745276665086,7.67643399823315,2.03815511618148
"Rwanda",2020,TRUE,TRUE,242628792.257784,7137671.5865804,"Both families funded",0.971422618246187,33.9927088707685,3.52614605664215
"Samoa",2014,TRUE,TRUE,61179520.6622375,11580216.1205328,"Both families funded",0.84084307293323,5.2831069839673,1.66451436858613
"Samoa",2017,TRUE,TRUE,14753042.6310693,16665723.0869576,"Both families funded",0.469561495937587,0.885232675119558,-0.121904758789303
"Senegal",2013,TRUE,TRUE,175633655.507298,1643949.33189022,"Both families funded",0.990726694816407,106.836416488186,4.67129884675999
"Senegal",2016,TRUE,TRUE,83369914.7160425,43720739.947319,"Both families funded",0.655987766660525,1.9068733698583,0.645464921612417
"Senegal",2017,TRUE,TRUE,5471354.53278153,109414567.895237,"Both families funded",0.0476242381760008,0.0500057226202297,-2.99561782769857
"Senegal",2018,TRUE,TRUE,87152930.5761975,99611629.9675776,"Both families funded",0.466645975673581,0.874927261049385,-0.133614526309306
"Senegal",2019,TRUE,TRUE,112356461.226213,168628857.397297,"Both families funded",0.399865949497378,0.666294387333102,-0.40602368308247
"Senegal",2021,TRUE,TRUE,619961775.9,14400000,"Both families funded",0.97730001940995,43.0529011041667,3.76242961778244
"Serbia",2014,TRUE,TRUE,673401745.456527,232892.981260015,"Both families funded",0.999654274041192,2891.46431898994,7.9695183375567
"Serbia",2016,TRUE,TRUE,1044353811.95543,131835.642553714,"Both families funded",0.999873779364171,7921.63478499321,8.97735287575501
"Serbia",2017,TRUE,TRUE,342979807.601175,140381.291302766,"Both families funded",0.999590868459953,2443.20168605271,7.80106462456429
"Serbia",2018,TRUE,TRUE,236768285.031271,83641.3907807472,"Both families funded",0.999646862104758,2830.75499846627,7.94829873896713
"Serbia",2019,TRUE,TRUE,1610504594.2235,14764505.2734406,"Both families funded",0.990915654965685,109.07948247481,4.69207681351078
"Serbia",2021,TRUE,TRUE,284823529.411765,13776470.5882353,"Both families funded",0.953863125960364,20.6746370623399,3.02890768633439
"Seychelles",2017,TRUE,TRUE,5044430.23147052,8311938.53920117,"Both families funded",0.377679765966572,0.606889741506116,-0.499408149387296
"Sierra Leone",2016,TRUE,TRUE,206640788.962732,53308920.5134231,"Both families funded",0.794926023880349,3.87628912708333,1.35487828543726
"Sierra Leone",2018,TRUE,TRUE,1634774.62181801,4078126.72992184,"Both families funded",0.286154883686228,0.400864105037104,-0.914132799293607
"Sierra Leone",2019,TRUE,TRUE,1123564.61226213,40905003.8512902,"Both families funded",0.0267333543191341,0.0274676569239998,-3.59474607832647
"Sierra Leone",2021,TRUE,TRUE,2000000000,48060458.6802099,"Both families funded",0.97653367190577,41.6142511936439,3.72844268537148
"South Africa",2015,TRUE,TRUE,1947116161.95886,26370.2807590445,"Both families funded",0.99998645693352,73837.5210999997,11.2096222973781
"South Africa",2017,TRUE,TRUE,3794361466.53081,86548.8971501853,"Both families funded",0.999977190648864,43840.6680092825,10.6883171589438
"South Africa",2018,TRUE,TRUE,3158275584.37761,322615955.558487,"Both families funded",0.907318009809519,9.78958272200225,2.28131883275378
"South Africa",2019,TRUE,TRUE,707743563.58981,266417.260273195,"Both families funded",0.999623709739299,2656.52294023316,7.88477338136403
"South Sudan",2019,TRUE,TRUE,876629233.769162,28097296.3073237,"Both families funded",0.968943879312406,31.1997718278917,3.4404107815801
"Sri Lanka",2013,TRUE,TRUE,555682297.946399,89522692.0793309,"Both families funded",0.861249225496906,6.2071669767703,1.82570458843432
"Sri Lanka",2014,TRUE,TRUE,2233459329.84241,87881387.0694533,"Both families funded",0.962141969755149,25.4144751729657,3.23531890039903
"Sri Lanka",2015,TRUE,TRUE,3960326.42041259,2285737.91792283,"Both families funded",0.634051493210846,1.73262489516363,0.549637539044132
"Sri Lanka",2016,TRUE,TRUE,329864582.172063,425654224.98133,"Both families funded",0.436606711902925,0.774959022635172,-0.254945125045803
"Sri Lanka",2017,TRUE,TRUE,1026027242.2735,979833329.125565,"Both families funded",0.511514736818351,1.04714466407176,0.0460670924218806
"Sri Lanka",2018,TRUE,TRUE,659783049.018524,92669997.5413785,"Both families funded",0.876842817016887,7.11970504503273,1.96286629830635
"Sri Lanka",2019,TRUE,TRUE,1355358025.4563,26203638.5849827,"Both families funded",0.98103331956365,51.7240390513194,3.94592264542751
"Suriname",2015,TRUE,TRUE,73281227.8667968,30532723.9806381,"Both families funded",0.705889974928331,2.40008811245492,0.875505450202859
"Suriname",2016,TRUE,TRUE,284334183.199193,21403262.5185056,"Both families funded",0.929994631608625,13.2846187796535,2.58660688325271
"Suriname",2019,TRUE,TRUE,229068021.567225,22471292.2452427,"Both families funded",0.910664890093499,10.1938072393554,2.32178040251358
"Syria",2018,TRUE,TRUE,13078196.9745441,32695.4924363603,"Both families funded",0.997506234413965,399.999999999999,5.99146454710798
"Tajikistan",2013,TRUE,TRUE,209549172.383816,40634052.0928999,"Both families funded",0.837582826834652,5.15698439094217,1.64035198829328
"Tajikistan",2017,TRUE,TRUE,127684273.732702,257406234.957828,"Both families funded",0.33156951638949,0.496041883964547,-0.701094912345451
"Tajikistan",2018,TRUE,TRUE,109311929.712231,148304594.444892,"Both families funded",0.424320334535531,0.737077162857891,-0.305062693687302
"Tajikistan",2020,TRUE,TRUE,616494025.317844,37788922.7533144,"Both families funded",0.942243760341429,16.3141465911137,2.79203262044018
"Tajikistan",2021,TRUE,TRUE,144031007.751937,62940310.0775194,"Both families funded",0.695898394339925,2.28837461357505,0.827841789824679
"Tanzania",2014,TRUE,TRUE,332460697.991969,3321.28569422546,"Both families funded",0.999990010089809,100100,11.5139249653033
"Tanzania",2015,TRUE,TRUE,49706216.8177974,94439205.1053755,"Both families funded",0.344833822362322,0.526330317608403,-0.641826283097397
"Tanzania",2018,TRUE,TRUE,66590959.7911491,57024807.0971101,"Both families funded",0.538693092858803,1.16775423155309,0.155082444074176
"Tanzania",2019,TRUE,TRUE,47189713.7150098,163628.680557946,"Both families funded",0.996544516769459,288.395124583911,5.66433150021905
"Tanzania",2020,TRUE,TRUE,55841850.1193699,880530.941279744,"Both families funded",0.984476481332153,63.4183848647165,4.14975380149982
"Tanzania",2021,TRUE,TRUE,20000000,136705834.870834,"Both families funded",0.127627666298994,0.146299534463156,-1.92209915303115
"Thailand",2013,TRUE,TRUE,20733311.8292491,425908423.041383,"Both families funded",0.0464204533758011,0.0486802108331034,-3.02248267987171
"Thailand",2020,TRUE,TRUE,139604625.298424,3880051.876081,"Both families funded",0.97295842348823,35.9800924722249,3.58296579861983
"Togo",2014,TRUE,TRUE,211461469.052882,8617288.83226587,"Both families funded",0.960844522592394,24.5392110174029,3.20027228788584
"Togo",2015,TRUE,TRUE,19606443.7476412,64807168.4899815,"Both families funded",0.232266375385636,0.302535108452889,-1.19555794724451
"Togo",2016,TRUE,TRUE,171364521.819915,15929.5284958117,"Both families funded",0.999907051659799,10757.664413292,9.28337374819271
"Tonga",2018,TRUE,TRUE,8589997.97289116,13595809.4568425,"Both families funded",0.387184374519484,0.631812177138741,-0.459163117076018
"Tonga",2020,TRUE,TRUE,11815811.7643884,3042539.14105694,"Both families funded",0.795230361672109,3.88353648600351,1.35674620396759
"Tunisia",2018,TRUE,TRUE,4957826.16721229,32956576.5433094,"Both families funded",0.130763662692131,0.150435108473632,-1.89422346070767
"Tunisia",2019,TRUE,TRUE,26425503.9943743,44599546.5067153,"Both families funded",0.372058925800678,0.59250611416857,-0.523394086754246
"Turkey",2016,TRUE,TRUE,642357652.547005,153740746.988272,"Both families funded",0.80688223079205,4.17818740399385,1.42987751708147
"Turkey",2019,TRUE,TRUE,3625674829.59465,18875359.9959816,"Both families funded",0.994820935639769,192.085069125385,5.25793834226336
"Uganda",2014,TRUE,TRUE,1408131557.52571,885676.18512679,"Both families funded",0.99937142274492,1589.8943442,7.37142284281769
"Uganda",2015,TRUE,TRUE,1237214908.96851,11526297.3961818,"Both families funded",0.990769666815323,107.338451060472,4.67598693642724
"Uganda",2016,TRUE,TRUE,135883460.047765,7084827.0501508,"Both families funded",0.950444765101658,19.1795027720363,2.953842144825
"Uganda",2018,TRUE,TRUE,384522.150358739,43756572.478391,"Both families funded",0.00871120559181363,0.00878775755456243,-4.73439571307857
"Uganda",2019,TRUE,TRUE,236921782.306673,2119947.59522227,"Both families funded",0.991131474842939,111.758320271984,4.71633868505752
"Uganda",2020,TRUE,TRUE,509699954.062169,374401.128040482,"Both families funded",0.999265987156126,1361.37398070835,7.2162497486734
"Uganda",2021,TRUE,TRUE,5000000,28844586.5019939,"Both families funded",0.147734113983205,0.173342751841992,-1.75248442000105
"Ukraine",2019,TRUE,TRUE,101423601.045074,169472253.343403,"Both families funded",0.374400713049037,0.598467295053654,-0.513383400333245
"Uruguay",2014,TRUE,TRUE,48933609.2282551,1107095.23140848,"Both families funded",0.97787610619469,44.2000000000003,3.78872478908366
"Uruguay",2015,TRUE,TRUE,62745304.8195896,34246239.0057017,"Both families funded",0.646915208738314,1.83218089464198,0.605507002994108
"Uruguay",2016,TRUE,TRUE,22789527.0113184,15620935.8258419,"Both families funded",0.593315605384235,1.45890920143321,0.377689034179263
"Uruguay",2017,TRUE,TRUE,60131927.3629205,8867489.33331731,"Both families funded",0.871484575408,6.78116714919411,1.91414923303574
"Uzbekistan",2014,TRUE,TRUE,272800110.938027,142319970.445163,"Both families funded",0.657159514011105,1.9168083726039,0.65066149694067
"Uzbekistan",2018,TRUE,TRUE,93509108.3679904,7084023.36121139,"Both families funded",0.929577464788732,13.2,2.58021682959233
"Vanuatu",2014,TRUE,TRUE,160255944.175583,28960488.2079042,"Both families funded",0.846945173613623,5.53360644423958,1.71083976286905
"Vanuatu",2017,TRUE,TRUE,1364229.12820266,33047798.4550361,"Both families funded",0.0396439624169992,0.0412804843886588,-3.18736542365629
"Vanuatu",2018,TRUE,TRUE,57674008.9507915,50444.5267929264,"Both families funded",0.999126115125325,1143.3154916398,7.04168764639035
"Vanuatu",2021,TRUE,TRUE,63147776.9679299,4397228.69446064,"Both families funded",0.934899277136207,14.360812538015,2.66450314544653
"Venezuela",2014,TRUE,TRUE,2425645652.016,1796792.73658014,"Both families funded",0.999259800066335,1349.9863410138,7.20784975361373
"Venezuela",2015,TRUE,TRUE,5611377847.89476,46013298.352737,"Both families funded",0.991866693116445,121.951219512195,4.80362112471193
"Vietnam",2015,TRUE,TRUE,1635144282.12084,20479.3153534814,"Both families funded",0.999987475686954,79843.6985757372,11.2878262347588
"Vietnam",2016,TRUE,TRUE,5163268482.86774,23011684.0216276,"Both families funded",0.995562969357394,224.375950843712,5.41332299697713
"Vietnam",2017,TRUE,TRUE,691170701.008101,170528.641025333,"Both families funded",0.99975333650922,4053.10625154999,8.30723884181639
"Vietnam",2019,TRUE,TRUE,2223159846.13309,6769.24101348301,"Both families funded",0.999996955135541,328420.843888553,12.7020511255832
"Vietnam",2020,TRUE,TRUE,315571601.627299,212282.174264497,"Both families funded",0.999327761215332,1486.56665459864,7.3042244813916
"Vietnam",2021,TRUE,TRUE,40500000,35901120.1049222,"Both families funded",0.530096940259267,1.12809850727881,0.120533478410781
"Zambia",2013,TRUE,TRUE,787084625.685754,23155928.7048675,"Both families funded",0.971420921133375,33.9906308970585,3.5260849247908
"Zambia",2014,TRUE,TRUE,671622789.556223,25135924.8812935,"Both families funded",0.963924491562929,26.7196370425205,3.28539876483818
"Zambia",2015,TRUE,TRUE,273274101.192474,528186930.081741,"Both families funded",0.340969916850486,0.517381414852849,-0.658974930144299
"Zambia",2016,TRUE,TRUE,1452132487.02061,1167836672.68761,"Both families funded",0.554255565047311,1.2434379917859,0.217880117144152
"Zambia",2017,TRUE,TRUE,2234061050.00508,3249393.35314362,"Both families funded",0.998547634118998,687.531735067944,6.53310798857421
"Zambia",2018,TRUE,TRUE,2358945271.12016,503259918.077935,"Both families funded",0.824170566115515,4.68732991915889,1.54486310672548
"Zimbabwe",2013,TRUE,TRUE,377005723.847747,78962.5586532884,"Both families funded",0.99979059728093,4774.48717819691,8.47104184991109
"Zimbabwe",2014,TRUE,TRUE,110709523.140848,33212.8569422546,"Both families funded",0.999700089973008,3333.33333333331,8.11172808330807
"Zimbabwe",2015,TRUE,TRUE,1119694335.76892,30760674.3211501,"Both families funded",0.973262166663308,36.4001882429168,3.59457394613803
"Zimbabwe",2016,TRUE,TRUE,5904022.54179233,59040.2254179233,"Both families funded",0.99009900990099,100,4.60517018598809
"Zimbabwe",2017,TRUE,TRUE,34570144.7106292,115253487.323381,"Both families funded",0.230738931110559,0.299948795593763,-1.20414350024778
