"term","estimate","std.error","statistic","p.value","conf.low","conf.high","model"
"(Intercept)",15.345903067256,0.092944487497155,165.108264949288,0,15.1635708967868,15.5282352377253,"M1_bivariate"
"strategic_family",3.57624192117094,0.142151306907793,25.1579953710216,0.000000000000000000000000000000000000000000000000000000000000000000000000000000000000000000000000000000000000000000949661506743606,3.29737916102788,3.855104681314,"M1_bivariate"
"(Intercept)",13.0523079480098,3.00749357193034,4.33992879314194,0.0000200923323394873,7.13148055636231,18.9731353396573,"M2_controls"
"strategic_family",3.40767766093512,0.31094687179026,10.9590350316618,0.000000000000000000000021080921653263,2.79551916024008,4.01983616163017,"M2_controls"
"log_gdp_pc",0.362770884248305,0.332319198490297,1.09163384449754,0.275956535497262,-0.291463136916631,1.01700490541324,"M2_controls"
"cpi",-0.0352203575270245,0.0157917089954948,-2.23030689946683,0.0265400206684737,-0.0663093626887011,-0.00413135236534785,"M2_controls"
"extreme_poverty",-0.00419503870727395,0.0188358399367251,-0.222715775955108,0.823923260954225,-0.0412769989425102,0.0328869215279623,"M2_controls"
"gini",2.02164971351303,2.3506128267384,0.860052191716397,0.390514908304056,-2.60598205987018,6.64928148689624,"M2_controls"
"(Intercept)",94.2730333748837,52.2373941553939,1.80470398455259,0.0727044809760237,-8.76669875094167,197.312765500709,"M3_country_year_FE"
"strategic_family",3.36353315181349,0.299810991525512,11.218845362203,0.0000000000000000000000972117407471501,2.77214752175566,3.95491878187132,"M3_country_year_FE"
"log_gdp_pc",-7.95836303185877,5.29225455947119,-1.50377555395861,0.134299554433529,-18.3974842967407,2.48075823302312,"M3_country_year_FE"
"cpi",-0.0260656643296339,0.0717921837651026,-0.36307106097954,0.716955402349711,-0.167677770053716,0.115546441394448,"M3_country_year_FE"
"extreme_poverty",-0.0231349174758309,0.0752379438083219,-0.30749002836614,0.758807196750606,-0.171543881993577,0.125274047041915,"M3_country_year_FE"
"gini",-9.62772822818661,16.4677596860178,-0.584641044790152,0.559482685138916,-42.110848303282,22.8553918469087,"M3_country_year_FE"
"factor(entity)Angola",1.31927354498579,4.51976231040068,0.29189002747997,0.770689163275721,-7.59608498822694,10.2346320781985,"M3_country_year_FE"
"factor(entity)Armenia",1.55206663440016,2.04758839013421,0.757997379687442,0.449391685019754,-2.48685917027828,5.5909924390786,"M3_country_year_FE"
"factor(entity)Bangladesh",-3.22283865740237,5.38029008941254,-0.599008344130803,0.549880850843441,-13.835612486111,7.38993517130624,"M3_country_year_FE"
"factor(entity)Belarus",6.66385984036904,3.68217472352063,1.80976198598135,0.0719129795605949,-0.599333572828312,13.9270532535664,"M3_country_year_FE"
"factor(entity)Benin",-8.4170799261325,8.44039254512202,-0.997237969814213,0.319917353007025,-25.0659920885395,8.2318322362745,"M3_country_year_FE"
"factor(entity)Bolivia",-1.00519835786736,3.05874670676468,-0.328630793666006,0.742796687112497,-7.03866243856441,5.0282657228297,"M3_country_year_FE"
"factor(entity)Botswana",5.92707403712488,4.89258255574672,1.21144078195739,0.227231054557376,-3.72368293685356,15.5778310111033,"M3_country_year_FE"
"factor(entity)Brazil",7.83136770668137,4.16196572876974,1.88165117568046,0.0614125428034651,-0.378226985840592,16.0409623992033,"M3_country_year_FE"
"factor(entity)Bulgaria",6.22507743087048,4.32106458433394,1.44063512807459,0.151333652086648,-2.29834423797602,14.748499099717,"M3_country_year_FE"
"factor(entity)Burkina Faso",-8.8959670554216,9.78494772420023,-0.909148143267031,0.364423729056184,-28.1970522008162,10.405118089973,"M3_country_year_FE"
"factor(entity)Burundi",-20.259053131808,14.2937704687169,-1.41733443783406,0.158022912257616,-48.4539182084102,7.93581194479427,"M3_country_year_FE"
"factor(entity)Cameroon",-8.95487333835323,6.08448294108838,-1.47175584598671,0.14274121159991,-20.9566874125563,3.04694073584985,"M3_country_year_FE"
"factor(entity)Chad",-11.6772468048017,11.2945222847268,-1.03388585284323,0.302503680412122,-33.9560103136671,10.6015167040638,"M3_country_year_FE"
"factor(entity)Chile",7.89931728059696,5.8143388387101,1.35859252439946,0.175886517708707,-3.56962993846351,19.3682644996574,"M3_country_year_FE"
"factor(entity)Colombia",1.63473203331668,3.6659725712858,0.445920421260358,0.656162456041341,-5.5965021779884,8.86596624462176,"M3_country_year_FE"
"factor(entity)Comoros",-8.96024833003878,7.48177788913819,-1.19760950709951,0.232560998062618,-23.7182660678382,5.79776940776062,"M3_country_year_FE"
"factor(entity)Costa Rica",6.24685617489953,4.51630994321293,1.38317703024064,0.168233771838325,-2.66169246674074,15.1554048165398,"M3_country_year_FE"
"factor(entity)Cote d'Ivoire",-4.41379109952332,5.36323031996275,-0.822972506531097,0.411555331589492,-14.9929140522138,6.16533185316714,"M3_country_year_FE"
"factor(entity)Djibouti",-3.24830120339107,5.74730196529361,-0.565187147466182,0.572613230081598,-14.5850163004043,8.08841389362212,"M3_country_year_FE"
"factor(entity)Ecuador",3.19962994492772,2.54526968936523,1.25708877070928,0.210264595273921,-1.82098624813894,8.22024613799437,"M3_country_year_FE"
"factor(entity)Egypt",-0.787459359590525,2.29976058772161,-0.342409276772008,0.732421390368954,-5.32380193072731,3.74888321154626,"M3_country_year_FE"
"factor(entity)El Salvador",-0.370448526073545,3.30105260246028,-0.112221333824686,0.910766385125983,-6.88186781469523,6.14097076254814,"M3_country_year_FE"
"factor(entity)Ethiopia",-12.1135389189504,10.4394492447027,-1.16036187685833,0.247357429933076,-32.7056467586988,8.47856892079795,"M3_country_year_FE"
"factor(entity)Georgia",3.10328558899525,2.60552058155139,1.19104243926083,0.235122715679414,-2.03617718689932,8.24274836488983,"M3_country_year_FE"
"factor(entity)Ghana",-4.61434621981288,5.05863129275349,-0.91217286905708,0.362833645386971,-14.5926390071229,5.36394656749713,"M3_country_year_FE"
"factor(entity)Guinea",-7.66534989354346,8.20046654240685,-0.934745584766897,0.351105890177977,-23.8410012539999,8.51030146691294,"M3_country_year_FE"
"factor(entity)Guinea-Bissau",-15.9034576310525,10.3463999317257,-1.53710060852055,0.125932302989635,-36.3120230786378,4.50510781653289,"M3_country_year_FE"
"factor(entity)Honduras",-3.43248651657452,5.36907508924946,-0.63930685630518,0.523393345123905,-14.0231384414003,7.15816540825126,"M3_country_year_FE"
"factor(entity)India",-5.84543355174025,4.13100680838158,-1.41501426235372,0.158701166123103,-13.9939609013122,2.30309379783173,"M3_country_year_FE"
"factor(entity)Indonesia",2.25428462887135,2.09852047854776,1.07422569944677,0.284083870475723,-1.885106155571,6.39367541331369,"M3_country_year_FE"
"factor(entity)Iran",3.99226888430846,1.92448897819959,2.0744566113563,0.0393846912684166,0.196160138858859,7.78837762975806,"M3_country_year_FE"
"factor(entity)Israel",14.6403130661127,6.93598391782541,2.11077667416259,0.0360996498990047,0.958889318294212,28.3217368139312,"M3_country_year_FE"
"factor(entity)Jamaica",0.469114066633488,3.30042465247136,0.142137487150999,0.887122014545846,-6.04106657293816,6.97929470620514,"M3_country_year_FE"
"factor(entity)Kazakhstan",6.39243857564563,4.50254352665739,1.41973942901364,0.157322202291321,-2.48895542137367,15.2738325726649,"M3_country_year_FE"
"factor(entity)Kenya",-5.83016147005619,6.12137922171111,-0.952426121449552,0.342090969128766,-17.9047544975986,6.24443155748625,"M3_country_year_FE"
"factor(entity)Kyrgyzstan",-7.49703493111746,5.46192100309269,-1.37260039588131,0.17149464748533,-18.2708280375827,3.27675817534778,"M3_country_year_FE"
"factor(entity)Laos",-5.70550025935971,4.02701718320778,-1.41680554112136,0.158177328892262,-13.6489051426406,2.23790462392118,"M3_country_year_FE"
"factor(entity)Lesotho",-14.7291475935269,8.50574668640391,-1.73167014450017,0.0849554064851669,-31.5069726414229,2.04867745436911,"M3_country_year_FE"
"factor(entity)Liberia",-17.286166711734,11.0647279626215,-1.56227670215928,0.11988687492126,-39.111654444183,4.53932102071505,"M3_country_year_FE"
"factor(entity)Malawi",-12.2865288278079,11.7551065231137,-1.0452077829877,0.29725487163843,-35.4738077270771,10.9007500714613,"M3_country_year_FE"
"factor(entity)Malaysia",10.3424320856935,4.76596428629184,2.17006076093373,0.0312431647803961,0.941433216571003,19.7434309548159,"M3_country_year_FE"
"factor(entity)Maldives",2.30819404231101,2.80339924204596,0.82335544923186,0.411338135304699,-3.22158996802578,7.8379780526478,"M3_country_year_FE"
"factor(entity)Mauritania",-3.02665681442184,5.31624746867873,-0.569322032552798,0.569810054103917,-13.5131047688838,7.45979114004011,"M3_country_year_FE"
"factor(entity)Mauritius",1.06199711800256,3.87313708078217,0.274195592836618,0.784232193377324,-6.57787492659459,8.7018691625997,"M3_country_year_FE"
"factor(entity)Mexico",4.97837477129503,4.28379306448445,1.16214175062963,0.246635604704678,-3.47152777426232,13.4282773168524,"M3_country_year_FE"
"factor(entity)Moldova",-3.8975217599571,2.54068790759405,-1.53404192160222,0.126682798534135,-8.90910025935631,1.11405673944211,"M3_country_year_FE"
"factor(entity)Mongolia",2.80895532588224,1.82387396628709,1.54010385465423,0.125198811585717,-0.788687473037568,6.40659812480205,"M3_country_year_FE"
"factor(entity)Montenegro",3.42449836738703,3.3908004334367,1.0099380469632,0.313809390883264,-3.26395104710914,10.1129477818832,"M3_country_year_FE"
"factor(entity)Mozambique",-12.0398759562389,11.9177982957788,-1.01024330647578,0.313663537688059,-35.5480689620698,11.468317049592,"M3_country_year_FE"
"factor(entity)Myanmar",-6.64570656674442,5.34557724103822,-1.24321588989961,0.215320179159601,-17.1900083237571,3.89859519026831,"M3_country_year_FE"
"factor(entity)Niger",-18.9575186770822,12.0409450952588,-1.57442115441145,0.117053760953423,-42.7086222154107,4.79358486124627,"M3_country_year_FE"
"factor(entity)Nigeria",-5.35295513029027,5.54870274386542,-0.964721913821827,0.335910386186624,-16.2979276661128,5.5920174055323,"M3_country_year_FE"
"factor(entity)North Macedonia",5.68666119341709,2.95372187447046,1.9252527607856,0.0556910091801346,-0.139638445769653,11.5129608326038,"M3_country_year_FE"
"factor(entity)Pakistan",-5.44879573883595,6.1200465442468,-0.890319329998909,0.374420400060193,-17.5207600225225,6.62316854485064,"M3_country_year_FE"
"factor(entity)Panama",8.36329928142462,5.70601357480185,1.46569915612496,0.144383203263584,-2.89197330175411,19.6185718646034,"M3_country_year_FE"
"factor(entity)Paraguay",-0.0398481254659569,3.14988326391483,-0.0126506673826482,0.989919770583701,-6.25308163355225,6.17338538262034,"M3_country_year_FE"
"factor(entity)Peru",3.27830122806607,2.40035899032641,1.36575455641336,0.17363056644596,-1.456474527273,8.01307698340513,"M3_country_year_FE"
"factor(entity)Philippines",-1.72879280094827,3.33629498311055,-0.518177442252561,0.604937352406135,-8.30972867860343,4.85214307670688,"M3_country_year_FE"
"factor(entity)Romania",7.06227096129039,4.68474606687937,1.5075034720067,0.133342555874475,-2.17852268114899,16.3030646037298,"M3_country_year_FE"
"factor(entity)Russia",12.4251158442276,5.54065218473859,2.24253669603227,0.026082340083322,1.49602326316362,23.3542084252917,"M3_country_year_FE"
"factor(entity)Rwanda",-12.2699502702584,9.65538876421344,-1.27078780253112,0.20535787541367,-31.3154767158483,6.77557617533145,"M3_country_year_FE"
"factor(entity)Senegal",-7.39327757086091,6.96507166612437,-1.06147903787109,0.289819635948732,-21.1320777219501,6.34552258022827,"M3_country_year_FE"
"factor(entity)Serbia",3.07740246325877,2.69122653117595,1.14349439841249,0.254272072878067,-2.23111771363543,8.38592264015297,"M3_country_year_FE"
"factor(entity)Seychelles",7.72868062293838,5.35658112272864,1.44283834144593,0.150712568025121,-2.83732660082011,18.2946878466969,"M3_country_year_FE"
"factor(entity)Sierra Leone",-14.1635775183422,9.05852968630314,-1.56356252160415,0.119584374441806,-32.0317826120707,3.7046275753863,"M3_country_year_FE"
"factor(entity)Sri Lanka",3.78354712039032,2.39368827722894,1.5806348539127,0.115624830340184,-0.93807046536995,8.50516470615059,"M3_country_year_FE"
"factor(entity)Sudan",-9.23921917752005,7.18189167855785,-1.28646039108394,0.199847758559371,-23.4057029135562,4.92726455851605,"M3_country_year_FE"
"factor(entity)Tanzania",-8.31234128429049,8.08171947260281,-1.02853623074514,0.305005235417952,-24.2537607030284,7.62907813444737,"M3_country_year_FE"
"factor(entity)Thailand",1.96404452472934,2.64095356884691,0.743687639153339,0.457984130615841,-3.24531081717814,7.17339986663683,"M3_country_year_FE"
"factor(entity)Togo",-12.0629280285437,9.51503538768352,-1.2677754245831,0.206429589384124,-30.8316034834892,6.70574742640191,"M3_country_year_FE"
"factor(entity)Tunisia",-0.773627245970282,2.77209466583873,-0.279076777392886,0.780489436631239,-6.2416620975127,4.69440760557214,"M3_country_year_FE"
"factor(entity)Turkey",8.84406347111797,4.38800629618993,2.01550838220018,0.0452603529672389,0.188597389084117,17.4995295531518,"M3_country_year_FE"
"factor(entity)Uganda",-11.156107389695,9.15199475529234,-1.21898096403997,0.224362652443969,-29.2086749660373,6.8964601866474,"M3_country_year_FE"
"factor(entity)Ukraine",1.88325829064396,2.61844819716218,0.719226866005981,0.472884816624517,-3.28170457136897,7.0482211526569,"M3_country_year_FE"
"factor(entity)Uruguay",7.90701793338057,5.56369671738348,1.42118061695842,0.156903441435135,-3.06753063776655,18.8815665045277,"M3_country_year_FE"
"factor(entity)Vietnam",-0.0546013186509716,2.70063153598629,-0.020217981580753,0.983890699673954,-5.38167313258543,5.27247049528349,"M3_country_year_FE"
"factor(entity)Zambia",-3.68627796779201,7.74715285438753,-0.475823575070463,0.63474670581037,-18.9677553033434,11.5951993677593,"M3_country_year_FE"
"factor(entity)Zimbabwe",-8.47081498377603,7.83252895952451,-1.08149169030206,0.280849193768275,-23.9206990927796,6.97906912522752,"M3_country_year_FE"
"factor(year)2014",-0.430781244347465,0.572811415999377,-0.752047239833526,0.452953272779196,-1.56066790537832,0.699105416683386,"M3_country_year_FE"
"factor(year)2015",0.377167138655833,0.589252784807568,0.640076972701968,0.522893661094352,-0.785150585699853,1.53948486301152,"M3_country_year_FE"
"factor(year)2016",0.648505071576065,0.608548687216102,1.06565848419253,0.287930364047641,-0.551874364077601,1.84888450722973,"M3_country_year_FE"
"factor(year)2017",0.947988294097716,0.7190822590246,1.31833080596873,0.188979970827671,-0.470421727005478,2.36639831520091,"M3_country_year_FE"
"factor(year)2018",0.86726927002139,0.773042733522804,1.12189046272926,0.263324828944879,-0.657579307743674,2.39211784778645,"M3_country_year_FE"
"(Intercept)",19.5246935352738,1.72026342780568,11.34982771806,0.0000000000000000000000000575010237731201,16.1424616348639,22.9069254356837,"M4_country_year_pair_FE"
"strategic_family",2.9067605743569,0.174441636177686,16.6632269568721,0.000000000000000000000000000000000000000000000022103818878061,2.56378864511438,3.24973250359942,"M4_country_year_pair_FE"
"factor(entity_year)Angola__2014",-4.66719213041284,2.42969084039008,-1.92089958641139,0.0554787565522963,-9.44423832907754,0.109854068251859,"M4_country_year_pair_FE"
"factor(entity_year)Angola__2015",-0.161530610747123,2.42969084039008,-0.066481960610754,0.947028450345367,-4.93857680941182,4.61551558791757,"M4_country_year_pair_FE"
"factor(entity_year)Angola__2016",1.07906698633305,2.42969084039008,0.444116991509838,0.657206230927676,-3.69797921233165,5.85611318499775,"M4_country_year_pair_FE"
"factor(entity_year)Angola__2017",-1.43418176605818,2.42969084039007,-0.590273355859516,0.555351907391139,-6.21122796472285,3.3428644326065,"M4_country_year_pair_FE"
"factor(entity_year)Angola__2018",-1.10515556322664,2.42969084039008,-0.454854397462852,0.64946903722991,-5.88220176189134,3.67189063543806,"M4_country_year_pair_FE"
"factor(entity_year)Angola__2020",-5.03897691033046,2.42969084039008,-2.07391690603792,0.0387478598292803,-9.81602310899514,-0.261930711665769,"M4_country_year_pair_FE"
"factor(entity_year)Antigua and Barbuda__2013",-4.2221352481763,2.42969084039008,-1.73772530150316,0.0830547124681543,-8.999181446841,0.554910950488386,"M4_country_year_pair_FE"
"factor(entity_year)Antigua and Barbuda__2018",-4.20076639978167,2.42969084039008,-1.72893041779227,0.0846190476331233,-8.97781259844636,0.576279798883026,"M4_country_year_pair_FE"
"factor(entity_year)Argentina__2016",-1.89779666353771,2.42969084039009,-0.781085655833072,0.435229654722406,-6.67484286220243,2.87924953512702,"M4_country_year_pair_FE"
"factor(entity_year)Argentina__2018",-2.93305809057798,2.42969084039007,-1.20717337441462,0.228102687495858,-7.71010428924265,1.8439881080867,"M4_country_year_pair_FE"
"factor(entity_year)Argentina__2020",-4.60146669826948,2.42969084039008,-1.89384864188348,0.0589906129755455,-9.37851289693417,0.175579500395202,"M4_country_year_pair_FE"
"factor(entity_year)Argentina__2021",-4.4270185077241,2.42969084039008,-1.82205012840785,0.0692190614721164,-9.20406470638879,0.350027690940582,"M4_country_year_pair_FE"
"factor(entity_year)Azerbaijan__2021",-4.15084896487729,2.42969084039008,-1.70838564967833,0.0883666503700528,-8.927895163542,0.62619723378741,"M4_country_year_pair_FE"
"factor(entity_year)Bangladesh__2013",-1.9524211321238,2.42969084039008,-0.803567721319783,0.422139951775913,-6.72946733078849,2.82462506654088,"M4_country_year_pair_FE"
"factor(entity_year)Bangladesh__2015",-3.31852966533867,2.42969084039009,-1.36582383658568,0.172787488086852,-8.09557586400338,1.45851653332605,"M4_country_year_pair_FE"
"factor(entity_year)Bangladesh__2016",-0.506133394498867,2.42969084039009,-0.208311850250712,0.83509506751216,-5.28317959316359,4.27091280416585,"M4_country_year_pair_FE"
"factor(entity_year)Bangladesh__2019",-3.64136603017794,2.42969084039006,-1.49869521243013,0.134767960992064,-8.4184122288426,1.13568016848672,"M4_country_year_pair_FE"
"factor(entity_year)Bangladesh__2021",-1.49288837644697,2.42969084039009,-0.614435528845837,0.539288618143205,-6.26993457511168,3.28415782221774,"M4_country_year_pair_FE"
"factor(entity_year)Barbados__2016",-7.74608073821326,2.42969084039007,-3.18809315549367,0.00154863412420242,-12.5231269368779,-2.96903453954858,"M4_country_year_pair_FE"
"factor(entity_year)Belarus__2013",-2.44350459694814,2.42969084039006,-1.00568539681199,0.315195314101521,-7.2205507956128,2.33354160171653,"M4_country_year_pair_FE"
"factor(entity_year)Belarus__2015",-2.03174731630374,2.42969084039007,-0.836216395324415,0.403549188931877,-6.80879351496842,2.74529888236095,"M4_country_year_pair_FE"
"factor(entity_year)Belarus__2016",-1.32013704599451,2.42969084039008,-0.543335400557612,0.587211713120281,-6.0971832446592,3.45690915267019,"M4_country_year_pair_FE"
"factor(entity_year)Belarus__2017",-2.28195474446107,2.42969084039009,-0.939195516782169,0.348216176070117,-7.05900094312578,2.49509145420364,"M4_country_year_pair_FE"
"factor(entity_year)Belarus__2018",-1.12615407221683,2.42969084039008,-0.463496858734515,0.643268829136144,-5.90320027088152,3.65089212644786,"M4_country_year_pair_FE"
"factor(entity_year)Belarus__2021",-3.76860988724892,2.42969084039009,-1.55106560250434,0.121703327110734,-8.54565608591362,1.00843631141578,"M4_country_year_pair_FE"
"factor(entity_year)Benin__2013",-2.98172797947877,2.42969084039008,-1.22720468378605,0.220491672092667,-7.75877417814346,1.79531821918591,"M4_country_year_pair_FE"
"factor(entity_year)Benin__2014",-5.96925165882983,2.42969084039007,-2.45679473272883,0.0144564387607003,-10.7462978574945,-1.19220546016515,"M4_country_year_pair_FE"
"factor(entity_year)Benin__2016",-3.484368971664,2.42969084039006,-1.43407914856551,0.152357172381787,-8.26141517032865,1.29267722700065,"M4_country_year_pair_FE"
"factor(entity_year)Benin__2021",-3.50196870774527,2.42969084039008,-1.44132275988786,0.150302164637855,-8.27901490640996,1.27507749091942,"M4_country_year_pair_FE"
"factor(entity_year)Bolivia__2013",-5.04613257897663,2.42969084039009,-2.07686200033847,0.0384735655324493,-9.82317877764134,-0.269086380311914,"M4_country_year_pair_FE"
"factor(entity_year)Bolivia__2015",-2.86300399691073,2.42969084039006,-1.17834086103362,0.239384771477191,-7.64005019557539,1.91404220175393,"M4_country_year_pair_FE"
"factor(entity_year)Bolivia__2016",-1.81330069524123,2.42969084039008,-0.746309227946923,0.455933744941368,-6.59034689390591,2.96374550342346,"M4_country_year_pair_FE"
"factor(entity_year)Bolivia__2017",-3.31235157023113,2.42969084039008,-1.3632810871112,0.173586515330905,-8.08939776889583,1.46469462843357,"M4_country_year_pair_FE"
"factor(entity_year)Bosnia and Herzegovina__2017",-2.88721868208981,2.42969084039006,-1.18830702001012,0.235441189175651,-7.66426488075447,1.88982751657485,"M4_country_year_pair_FE"
"factor(entity_year)Bosnia and Herzegovina__2021",-3.78459135263191,2.42969084039009,-1.55764317406913,0.120135225989089,-8.56163755129662,0.992454846032796,"M4_country_year_pair_FE"
"factor(entity_year)Brazil__2019",-1.22343119883041,2.42969084039007,-0.503533691814877,0.614875586807526,-6.00047739749509,3.55361499983428,"M4_country_year_pair_FE"
"factor(entity_year)Brazil__2020",-2.59725547531669,2.42969084039007,-1.06896541409347,0.285751551445686,-7.37430167398137,2.17979072334799,"M4_country_year_pair_FE"
"factor(entity_year)Brazil__2021",-4.22299183491729,2.42969084039009,-1.73807785118838,0.0829924985549818,-9.00003803358199,0.55405436374742,"M4_country_year_pair_FE"
"factor(entity_year)Burkina Faso__2019",-7.6112888089492,2.42969084039008,-3.13261616763029,0.00186442611670223,-12.3883350076139,-2.8342426102845,"M4_country_year_pair_FE"
"factor(entity_year)Burkina Faso__2021",-5.2325928630257,2.42969084039008,-2.15360439116016,0.031888283160841,-10.0096390616904,-0.455546664361012,"M4_country_year_pair_FE"
"factor(entity_year)Cambodia__2013",-4.91565805909856,2.42969084039008,-2.02316195022959,0.0437434525898581,-9.69270425776326,-0.138611860433873,"M4_country_year_pair_FE"
"factor(entity_year)Cambodia__2014",-2.62166847873767,2.42969084039008,-1.07901319589976,0.281253886182556,-7.39871467740236,2.15537771992703,"M4_country_year_pair_FE"
"factor(entity_year)Cambodia__2015",-1.92140229787423,2.42969084039007,-0.790801144710969,0.429544389138526,-6.6984484965389,2.85564390079045,"M4_country_year_pair_FE"
"factor(entity_year)Cambodia__2016",-1.74677748331354,2.42969084039008,-0.718929937206783,0.472617949167924,-6.52382368197823,3.03026871535115,"M4_country_year_pair_FE"
"factor(entity_year)Cambodia__2017",-5.64079286533131,2.42969084039008,-2.32160930582662,0.020772508137083,-10.417839063996,-0.863746666666612,"M4_country_year_pair_FE"
"factor(entity_year)Cambodia__2018",-1.29372024877523,2.42969084039007,-0.532462907325086,0.594710999175263,-6.07076644743991,3.48332594988945,"M4_country_year_pair_FE"
"factor(entity_year)Cambodia__2019",-1.00709906822464,2.42969084039008,-0.414496795840477,0.678739968717585,-5.78414526688933,3.76994713044005,"M4_country_year_pair_FE"
"factor(entity_year)Cambodia__2020",-3.21197932246739,2.42969084039008,-1.32197037955319,0.18695886188301,-7.98902552113207,1.5650668761973,"M4_country_year_pair_FE"
"factor(entity_year)Cambodia__2021",-1.51495217289727,2.42969084039006,-0.623516435800555,0.533312513343782,-6.29199837156192,3.26209402576739,"M4_country_year_pair_FE"
"factor(entity_year)Cameroon__2013",-1.04448285673976,2.42969084039008,-0.429883028481135,0.667519992413444,-5.82152905540446,3.73256334192493,"M4_country_year_pair_FE"
"factor(entity_year)Cameroon__2014",-7.29613213738759,2.42969084039008,-3.00290556152248,0.00284780284149209,-12.0731783360523,-2.51908593872291,"M4_country_year_pair_FE"
"factor(entity_year)Cameroon__2015",-0.367270101675152,2.42969084039009,-0.15115919094307,0.87992890212493,-5.14431630033986,4.40977609698955,"M4_country_year_pair_FE"
"factor(entity_year)Cameroon__2016",-1.66466137152606,2.42969084039008,-0.685132998755845,0.493670151838275,-6.44170757019075,3.11238482713862,"M4_country_year_pair_FE"
"factor(entity_year)Cameroon__2017",-2.26857797231488,2.42969084039007,-0.933689971828131,0.351046015800998,-7.04562417097956,2.5084682263498,"M4_country_year_pair_FE"
"factor(entity_year)Cameroon__2018",-2.59730916219493,2.42969084039008,-1.06898751027021,0.285741607343896,-7.37435536085962,2.17973703646977,"M4_country_year_pair_FE"
"factor(entity_year)Cameroon__2021",-3.66902998263165,2.42969084039007,-1.51008100357435,0.131838775710851,-8.44607618129633,1.10801621603302,"M4_country_year_pair_FE"
"factor(entity_year)Central African Republic__2019",-5.83825295393437,2.42969084039007,-2.40287894117306,0.0167365751372346,-10.6152991525991,-1.06120675526969,"M4_country_year_pair_FE"
"factor(entity_year)Central African Republic__2021",-3.9672214480771,2.42969084039008,-1.6328091550282,0.103322452740034,-8.74426764674179,0.8098247505876,"M4_country_year_pair_FE"
"factor(entity_year)Chad__2013",-6.32454198051388,2.42969084039009,-2.60302334575969,0.00959577554576128,-11.1015881791786,-1.54749578184917,"M4_country_year_pair_FE"
"factor(entity_year)Chile__2018",-0.938257862784129,2.42969084039009,-0.386163476927579,0.69958781118661,-5.71530406144884,3.83878833588059,"M4_country_year_pair_FE"
"factor(entity_year)Chile__2020",-4.73041929027259,2.42969084039009,-1.94692230453201,0.0522671454997311,-9.50746548893731,0.0466269083921285,"M4_country_year_pair_FE"
"factor(entity_year)Chile__2021",-1.77523630361309,2.42969084039008,-0.730642876082162,0.465439407379358,-6.55228250227778,3.0018098950516,"M4_country_year_pair_FE"
"factor(entity_year)Colombia__2018",-4.6779304011076,2.42969084039008,-1.92531919013885,0.0549219490219669,-9.45497659977229,0.0991157975570811,"M4_country_year_pair_FE"
"factor(entity_year)Colombia__2020",-4.08341557675353,2.42969084039008,-1.68063175317315,0.0936413545328098,-8.86046177541823,0.693630621911161,"M4_country_year_pair_FE"
"factor(entity_year)Colombia__2021",-3.59925417644184,2.42969084039006,-1.48136302636101,0.139323581071843,-8.3763003751065,1.17779202222282,"M4_country_year_pair_FE"
"factor(entity_year)Comoros__2014",-4.59472677202794,2.42969084039008,-1.8910746567618,0.0593609921904064,-9.37177297069263,0.182319426636745,"M4_country_year_pair_FE"
"factor(entity_year)Comoros__2015",-8.39604466203067,2.42969084039008,-3.45560205539677,0.000609899971832707,-13.1730908606954,-3.61899846336598,"M4_country_year_pair_FE"
"factor(entity_year)Comoros__2018",-7.06738919966343,2.42969084039007,-2.90876068764733,0.00383794647668313,-11.8444353983281,-2.29034300099877,"M4_country_year_pair_FE"
"factor(entity_year)Comoros__2019",-6.83453744160009,2.42969084039007,-2.81292472605397,0.00515956068101706,-11.6115836402648,-2.05749124293541,"M4_country_year_pair_FE"
"factor(entity_year)Congo__2013",-1.30668272903427,2.42969084039008,-0.537797940096973,0.591025678088421,-6.08372892769896,3.47036346963043,"M4_country_year_pair_FE"
"factor(entity_year)Congo__2014",-1.32403385284115,2.42969084039007,-0.54493922882328,0.586109205194828,-6.10108005150583,3.45301234582353,"M4_country_year_pair_FE"
"factor(entity_year)Congo__2015",-1.53090646209711,2.42969084039007,-0.630082822327853,0.529012239648946,-6.30795266076179,3.24613973656757,"M4_country_year_pair_FE"
"factor(entity_year)Congo__2016",-2.65368690631309,2.42969084039006,-1.09219118012853,0.275428527368286,-7.43073310497776,2.12335929235157,"M4_country_year_pair_FE"
"factor(entity_year)Congo__2017",-0.964816090703056,2.42969084039007,-0.397094179499875,0.691516915067558,-5.74186228936773,3.81223010796162,"M4_country_year_pair_FE"
"factor(entity_year)Congo__2019",-2.30153505407809,2.42969084039008,-0.947254282651281,0.344100312817954,-7.07858125274279,2.4755111445866,"M4_country_year_pair_FE"
"factor(entity_year)Cook Islands__2013",-6.47750759981624,2.42969084039007,-2.6659801700435,0.00799813060371654,-11.2545537984809,-1.70046140115157,"M4_country_year_pair_FE"
"factor(entity_year)Costa Rica__2013",-3.35873044847299,2.42969084039008,-1.38236947377789,0.16765553401405,-8.13577664713768,1.41831575019169,"M4_country_year_pair_FE"
"factor(entity_year)Costa Rica__2014",-6.58305917118749,2.42969084039007,-2.709422557699,0.00703959303101914,-11.3601053698522,-1.80601297252282,"M4_country_year_pair_FE"
"factor(entity_year)Cote d'Ivoire__2013",-3.24351764132036,2.42969084039008,-1.33495076303602,0.182677228724411,-8.02056383998506,1.53352855734434,"M4_country_year_pair_FE"
"factor(entity_year)Cote d'Ivoire__2014",-1.21173817490328,2.42969084039007,-0.498721135528807,0.618259193995757,-5.98878437356795,3.5653080237614,"M4_country_year_pair_FE"
"factor(entity_year)Cote d'Ivoire__2015",-3.80136124209312,2.42969084039008,-1.56454524127145,0.118506886569243,-8.57840744075782,0.975684956571573,"M4_country_year_pair_FE"
"factor(entity_year)Cote d'Ivoire__2017",-3.0681780560504,2.42969084039008,-1.26278537377941,0.207426657897079,-7.8452242547151,1.7088681426143,"M4_country_year_pair_FE"
"factor(entity_year)Cote d'Ivoire__2018",-0.927073540695664,2.42969084039007,-0.381560289599161,0.702996949522645,-5.70411973936034,3.84997265796901,"M4_country_year_pair_FE"
"factor(entity_year)Cote d'Ivoire__2019",-0.656589451032532,2.42969084039008,-0.270235801245857,0.787122902561989,-5.43363564969722,4.12045674763216,"M4_country_year_pair_FE"
"factor(entity_year)Cote d'Ivoire__2020",-1.47798777840993,2.42969084039008,-0.608302815255557,0.543343495256132,-6.25503397707462,3.29905842025477,"M4_country_year_pair_FE"
"factor(entity_year)Cote d'Ivoire__2021",-3.63700218091582,2.42969084039008,-1.49689916118378,0.135234601415643,-8.4140483795805,1.14004401774887,"M4_country_year_pair_FE"
"factor(entity_year)Cuba__2015",-4.87190484246635,2.42969084039007,-2.00515422023165,0.0456424614305849,-9.64895104113103,-0.0948586438016674,"M4_country_year_pair_FE"
"factor(entity_year)Djibouti__2013",-0.982167446789693,2.42969084039008,-0.404235563826717,0.686262805111089,-5.75921364545438,3.79487875187499,"M4_country_year_pair_FE"
"factor(entity_year)Dominica__2013",-5.96168979964166,2.42969084039008,-2.45368246055722,0.0145801661048393,-10.7387359983063,-1.18464360097698,"M4_country_year_pair_FE"
"factor(entity_year)Ecuador__2013",-3.07865353933944,2.42969084039008,-1.26709682078119,0.20588264462043,-7.85569973800413,1.69839265932524,"M4_country_year_pair_FE"
"factor(entity_year)Ecuador__2014",-1.54119947140021,2.42969084039007,-0.63431916759944,0.526247321316629,-6.31824567006488,3.23584672726446,"M4_country_year_pair_FE"
"factor(entity_year)Ecuador__2015",-3.36287911930468,2.42969084039008,-1.3840769629624,0.167132534801204,-8.13992531796938,1.41416707936002,"M4_country_year_pair_FE"
"factor(entity_year)Ecuador__2016",-3.11504683775591,2.42969084039007,-1.28207539246261,0.200583688058827,-7.89209303642059,1.66199936090877,"M4_country_year_pair_FE"
"factor(entity_year)Ecuador__2019",-2.69043862752176,2.42969084039008,-1.10731726966951,0.268844550954007,-7.46748482618645,2.08660757114294,"M4_country_year_pair_FE"
"factor(entity_year)Egypt__2016",-7.18964135037128,2.42969084039008,-2.95907661619081,0.00327530513657319,-11.966687549036,-2.41259515170658,"M4_country_year_pair_FE"
"factor(entity_year)Egypt__2017",-4.77822962869378,2.42969084039007,-1.96659984441752,0.049943552241729,-9.55527582735845,-0.00118343002910137,"M4_country_year_pair_FE"
"factor(entity_year)Egypt__2018",-1.81111979353916,2.42969084039008,-0.745411623335745,0.456475394881246,-6.58816599220386,2.96592640512554,"M4_country_year_pair_FE"
"factor(entity_year)Egypt__2019",-1.9005814741868,2.42969084039008,-0.782231814267231,0.434556691479031,-6.6776276728515,2.87646472447789,"M4_country_year_pair_FE"
"factor(entity_year)El Salvador__2019",-4.83396477597073,2.42969084039008,-1.98953903748292,0.0473451743237687,-9.61101097463542,-0.0569185773060434,"M4_country_year_pair_FE"
"factor(entity_year)El Salvador__2021",-3.96724074320882,2.42969084039009,-1.63281709642198,0.103320781192108,-8.74428694187353,0.809805455455898,"M4_country_year_pair_FE"
"factor(entity_year)Equatorial Guinea__2016",-2.66302065593305,2.42969084039008,-1.09603271809903,0.273746037639983,-7.44006685459774,2.11402554273165,"M4_country_year_pair_FE"
"factor(entity_year)Equatorial Guinea__2017",-1.3619624505998,2.42969084039007,-0.56054969132663,0.575428921003983,-6.13900864926448,3.41508374806488,"M4_country_year_pair_FE"
"factor(entity_year)Equatorial Guinea__2019",-1.60860679373235,2.42969084039007,-0.662062336076508,0.508325311800351,-6.38565299239703,3.16843940493233,"M4_country_year_pair_FE"
"factor(entity_year)Equatorial Guinea__2021",-5.35590196502089,2.42969084039008,-2.20435533442642,0.0280872992026865,-10.1329481636856,-0.578855766356194,"M4_country_year_pair_FE"
"factor(entity_year)Eritrea__2014",-3.07797026511227,2.42969084039009,-1.26681560219328,0.205983098246576,-7.85501646377698,1.69907593355243,"M4_country_year_pair_FE"
"factor(entity_year)Eritrea__2015",-4.78566462838554,2.42969084039008,-1.96965990439229,0.0495901401562301,-9.56271082705024,-0.00861842972085114,"M4_country_year_pair_FE"
"factor(entity_year)Ethiopia__2014",-1.80405768347785,2.42969084039008,-0.742505035409449,0.458231833923513,-6.58110388214254,2.97298851518684,"M4_country_year_pair_FE"
"factor(entity_year)Ethiopia__2015",-1.93259727533113,2.42969084039008,-0.795408717522623,0.4268633643054,-6.70964347399582,2.84444892333355,"M4_country_year_pair_FE"
"factor(entity_year)Ethiopia__2016",-1.27418641588027,2.42969084039007,-0.524423270112714,0.600284416087122,-6.05123261454495,3.50285978278441,"M4_country_year_pair_FE"
"factor(entity_year)Ethiopia__2017",-5.58869859887721,2.42969084039008,-2.30016860827444,0.0219700051392864,-10.3657447975419,-0.811652400212504,"M4_country_year_pair_FE"
"factor(entity_year)Ethiopia__2018",-0.402115336401828,2.42969084039008,-0.165500618316225,0.868636382950443,-5.17916153506653,4.37493086226287,"M4_country_year_pair_FE"
"factor(entity_year)Fiji__2013",-5.0087745723979,2.42969084039008,-2.06148637889821,0.0399240401103295,-9.78582077106259,-0.231728373733211,"M4_country_year_pair_FE"
"factor(entity_year)Fiji__2015",-5.60053128378845,2.42969084039008,-2.30503864552961,0.0216928371563443,-10.3775774824531,-0.823485085123755,"M4_country_year_pair_FE"
"factor(entity_year)Fiji__2017",-4.68682113222765,2.42969084039008,-1.92897839277165,0.0544644880050849,-9.46386733089234,0.0902250664370374,"M4_country_year_pair_FE"
"factor(entity_year)Fiji__2019",-7.68333247490228,2.42969084039007,-3.1622675392186,0.00168892590128314,-12.460378673567,-2.90628627623761,"M4_country_year_pair_FE"
"factor(entity_year)Gabon__2015",-1.86313271596329,2.42969084039008,-0.76681884171904,0.443656754085595,-6.64017891462799,2.91391348270142,"M4_country_year_pair_FE"
"factor(entity_year)Gabon__2016",-2.20537006861981,2.42969084039008,-0.907675179063415,0.364614708520335,-6.9824162672845,2.57167613004489,"M4_country_year_pair_FE"
"factor(entity_year)Gabon__2020",-6.45637034065407,2.42969084039007,-2.65728060267024,0.00820362770207069,-11.2334165393187,-1.6793241419894,"M4_country_year_pair_FE"
"factor(entity_year)Gabon__2021",-4.59639707272883,2.42969084039007,-1.89176211076752,0.0592690240639513,-9.37344327139352,0.180649125935851,"M4_country_year_pair_FE"
"factor(entity_year)Gambia__2017",-5.92902823792599,2.42969084039008,-2.44023977839671,0.0151254067626021,-10.7060744365907,-1.15198203926131,"M4_country_year_pair_FE"
"factor(entity_year)Ghana__2014",-4.5724387074025,2.42969084039007,-1.88190144663361,0.0605996089070627,-9.34948490606718,0.204607491262178,"M4_country_year_pair_FE"
"factor(entity_year)Ghana__2016",-3.66057852007837,2.42969084039008,-1.50660259290053,0.132728353038935,-8.43762471874307,1.11646767858633,"M4_country_year_pair_FE"
"factor(entity_year)Ghana__2017",-3.38979268796953,2.42969084039007,-1.39515391490109,0.163769544231408,-8.16683888663421,1.38725351069515,"M4_country_year_pair_FE"
"factor(entity_year)Ghana__2018",-1.44300370005283,2.42969084039008,-0.593904243315649,0.552923145936573,-6.22004989871752,3.33404249861185,"M4_country_year_pair_FE"
"factor(entity_year)Ghana__2019",-1.26516517061236,2.42969084039007,-0.520710351119916,0.602866348253905,-6.04221136927703,3.51188102805232,"M4_country_year_pair_FE"
"factor(entity_year)Ghana__2020",-1.3241373747994,2.42969084039007,-0.54498183587292,0.586079929291011,-6.10118357346408,3.45290882386528,"M4_country_year_pair_FE"
"factor(entity_year)Grenada__2017",-2.89740143750562,2.42969084039006,-1.19249798753839,0.233796696263609,-7.67444763617028,1.87964476115904,"M4_country_year_pair_FE"
"factor(entity_year)Grenada__2019",-6.16535355558733,2.42969084039009,-2.53750537027068,0.0115561746400276,-10.9423997542521,-1.38830735692262,"M4_country_year_pair_FE"
"factor(entity_year)Grenada__2020",-7.70021425844363,2.42969084039007,-3.16921565922659,0.00165007049382528,-12.4772604571083,-2.92316805977895,"M4_country_year_pair_FE"
"factor(entity_year)Guinea__2015",-6.93599235690677,2.42969084039007,-2.85468103250257,0.00453984198002912,-11.7130385555714,-2.15894615824209,"M4_country_year_pair_FE"
"factor(entity_year)Guinea__2018",-0.562819908932779,2.42969084039008,-0.231642602250753,0.8169380458956,-5.33986610759748,4.21422628973192,"M4_country_year_pair_FE"
"factor(entity_year)Guinea__2020",-4.04436382476688,2.42969084039008,-1.66455902847194,0.0968101392226472,-8.82141002343157,0.732682373897806,"M4_country_year_pair_FE"
"factor(entity_year)Guinea-Bissau__2013",-5.87718227984393,2.42969084039009,-2.41890127836196,0.0160279610906911,-10.6542284785086,-1.10013608117922,"M4_country_year_pair_FE"
"factor(entity_year)Guyana__2015",-5.62163077514243,2.42969084039007,-2.31372266861734,0.0212061797067108,-10.3986769738071,-0.844584576477755,"M4_country_year_pair_FE"
"factor(entity_year)Guyana__2017",-4.53116728703322,2.42969084039007,-1.86491516192479,0.0629499603319798,-9.3082134856979,0.245878911631459,"M4_country_year_pair_FE"
"factor(entity_year)Guyana__2021",-4.84619755809286,2.42969084039008,-1.9945737447464,0.0467904147172094,-9.62324375675756,-0.0691513594281687,"M4_country_year_pair_FE"
"factor(entity_year)Indonesia__2015",-0.471299581659529,2.42969084039008,-0.193975123840803,0.846297135239467,-5.24834578032422,4.30574661700516,"M4_country_year_pair_FE"
"factor(entity_year)Indonesia__2016",-2.64239764461591,2.42969084039007,-1.08754480228097,0.277472963349735,-7.41944384328059,2.13464855404876,"M4_country_year_pair_FE"
"factor(entity_year)Indonesia__2020",-3.39948674333947,2.42969084039009,-1.39914374570951,0.162570844655647,-8.17653294200418,1.37755945532523,"M4_country_year_pair_FE"
"factor(entity_year)Indonesia__2021",-1.73163983577553,2.42969084039009,-0.712699659968885,0.476461110053303,-6.50868603444023,3.04540636288918,"M4_country_year_pair_FE"
"factor(entity_year)Iran__2014",-0.34192883313004,2.42969084039007,-0.140729358421232,0.888156970875384,-5.11897503179472,4.43511736553464,"M4_country_year_pair_FE"
"factor(entity_year)Iran__2017",-0.127450137289035,2.42969084039007,-0.0524552898543149,0.958192985108884,-4.90449633595372,4.64959606137565,"M4_country_year_pair_FE"
"factor(entity_year)Iraq__2019",-3.90710807822957,2.42969084039008,-1.60806799502207,0.108635760899776,-8.68415427689427,0.869938120435124,"M4_country_year_pair_FE"
"factor(entity_year)Iraq__2021",-0.144437879741359,2.42969084039007,-0.0594470199007584,0.952626747552241,-4.92148407840604,4.63260831892332,"M4_country_year_pair_FE"
"factor(entity_year)Jamaica__2013",-2.78048410522158,2.42969084039009,-1.14437773687091,0.253174309619744,-7.55753030388629,1.99656209344313,"M4_country_year_pair_FE"
"factor(entity_year)Jamaica__2014",-4.49913097561267,2.42969084039008,-1.85172981715252,0.0648261097947769,-9.27617717427736,0.277915223052018,"M4_country_year_pair_FE"
"factor(entity_year)Jamaica__2016",-3.59696200795993,2.42969084039008,-1.48041962712526,0.139574920036454,-8.37400820662461,1.18008419070476,"M4_country_year_pair_FE"
"factor(entity_year)Jamaica__2017",-3.71025364321352,2.42969084039008,-1.52704763154881,0.127566019797425,-8.48729984187821,1.06679255545118,"M4_country_year_pair_FE"
"factor(entity_year)Jordan__2016",-4.01167115871047,2.42969084039007,-1.65110354454249,0.0995286346816693,-8.78871735737515,0.765375039954207,"M4_country_year_pair_FE"
"factor(entity_year)Kazakhstan__2013",-1.48885034454749,2.42969084039007,-0.6127735758795,0.54038597673362,-6.26589654321217,3.28819585411719,"M4_country_year_pair_FE"
"factor(entity_year)Kazakhstan__2014",-5.78844317062619,2.42969084039008,-2.38237847976448,0.0176834171296221,-10.5654893692909,-1.0113969719615,"M4_country_year_pair_FE"
"factor(entity_year)Kazakhstan__2015",-4.78082893409035,2.42969084039007,-1.96766965352794,0.049819757714256,-9.55787513275503,-0.00378273542567609,"M4_country_year_pair_FE"
"factor(entity_year)Kazakhstan__2016",-4.50281378126881,2.42969084039008,-1.85324556787887,0.0646081038218119,-9.2798599799335,0.274232417395892,"M4_country_year_pair_FE"
"factor(entity_year)Kazakhstan__2017",-1.50953340361312,2.42969084039007,-0.621286205849453,0.534777098677737,-6.2865796022778,3.26751279505157,"M4_country_year_pair_FE"
"factor(entity_year)Kazakhstan__2018",-5.55245085365116,2.42969084039008,-2.28524994264692,0.022838408010689,-10.3294970523158,-0.775404654986477,"M4_country_year_pair_FE"
"factor(entity_year)Kazakhstan__2019",-1.13420256020449,2.42969084039007,-0.466809415152755,0.640898924865625,-5.91124875886916,3.64284363846018,"M4_country_year_pair_FE"
"factor(entity_year)Kazakhstan__2020",-3.61397974659183,2.42969084039008,-1.48742370284922,0.137717238558014,-8.39102594525653,1.16306645207286,"M4_country_year_pair_FE"
"factor(entity_year)Kenya__2013",-2.05643769857925,2.42969084039008,-0.846378339331887,0.397864762929917,-6.83348389724395,2.72060850008544,"M4_country_year_pair_FE"
"factor(entity_year)Kenya__2014",-0.978170793289794,2.42969084039008,-0.402590641175053,0.687471682007045,-5.75521699195449,3.7988754053749,"M4_country_year_pair_FE"
"factor(entity_year)Kenya__2015",-2.98883134121678,2.42969084039008,-1.23012824987106,0.219396317563039,-7.76587753988148,1.78821485744791,"M4_country_year_pair_FE"
"factor(entity_year)Kenya__2016",-1.15396754710038,2.42969084039008,-0.474944189572329,0.635094669115589,-5.93101374576507,3.62307865156432,"M4_country_year_pair_FE"
"factor(entity_year)Kenya__2017",-0.464785089146304,2.42969084039008,-0.191293921605139,0.848395643147909,-5.241831287811,4.31226110951839,"M4_country_year_pair_FE"
"factor(entity_year)Kenya__2018",-1.90872316276301,2.42969084039008,-0.785582729717404,0.432592675945095,-6.6857693614277,2.86832303590168,"M4_country_year_pair_FE"
"factor(entity_year)Kenya__2019",-1.69538804284531,2.42969084039008,-0.697779328407529,0.485734221290729,-6.47243424151,3.08165815581937,"M4_country_year_pair_FE"
"factor(entity_year)Kenya__2020",-5.39431826698525,2.42969084039008,-2.22016652378671,0.0269861751430513,-10.1713644656499,-0.617272068320549,"M4_country_year_pair_FE"
"factor(entity_year)Kenya__2021",-5.06976020657907,2.42969084039008,-2.08658654109472,0.0375795978120818,-9.84680640524377,-0.292714007914369,"M4_country_year_pair_FE"
"factor(entity_year)Kiribati__2021",-4.93910940940041,2.42969084039008,-2.03281393965639,0.0427534666568399,-9.71615560806511,-0.16206321073572,"M4_country_year_pair_FE"
"factor(entity_year)Kyrgyzstan__2017",-5.33895497127613,2.42969084039008,-2.19738037552917,0.0285852764903973,-10.1160011699408,-0.561908772611436,"M4_country_year_pair_FE"
"factor(entity_year)Kyrgyzstan__2018",-3.92428615978918,2.42969084039008,-1.615138063886,0.107095736990462,-8.70133235845386,0.852760038875512,"M4_country_year_pair_FE"
"factor(entity_year)Laos__2013",-1.31385699734202,2.42969084039009,-0.540750689553197,0.588990527584201,-6.09090319600673,3.46318920132268,"M4_country_year_pair_FE"
"factor(entity_year)Laos__2014",-1.15477895590629,2.42969084039007,-0.475278145149073,0.634856865148599,-5.93182515457097,3.62226724275839,"M4_country_year_pair_FE"
"factor(entity_year)Laos__2015",-2.30267038259561,2.42969084039008,-0.94772155548231,0.343862622038623,-7.0797165812603,2.47437581606908,"M4_country_year_pair_FE"
"factor(entity_year)Laos__2016",-0.367958020526649,2.42969084039007,-0.151442321142214,0.879705718622632,-5.14500421919133,4.40908817813803,"M4_country_year_pair_FE"
"factor(entity_year)Laos__2017",-1.332106275176,2.42969084039008,-0.548261636020381,0.583828379172736,-6.10915247384069,3.44493992348869,"M4_country_year_pair_FE"
"factor(entity_year)Laos__2018",-5.8147734660562,2.42969084039009,-2.39321537102335,0.0171771862306677,-10.5918196647209,-1.03772726739149,"M4_country_year_pair_FE"
"factor(entity_year)Laos__2019",-1.23005745625058,2.42969084039008,-0.506260893691765,0.612961787124716,-6.00710365491527,3.54698874241411,"M4_country_year_pair_FE"
"factor(entity_year)Laos__2020",-4.5907048878725,2.42969084039008,-1.88941934980315,0.0595829282686703,-9.36775108653719,0.186341310792198,"M4_country_year_pair_FE"
"factor(entity_year)Lebanon__2013",-4.86541236453776,2.42969084039008,-2.00248207864859,0.0459301095940276,-9.64245856320244,-0.0883661658730706,"M4_country_year_pair_FE"
"factor(entity_year)Lebanon__2019",-2.55228847207745,2.42969084039008,-1.05045811987655,0.294163046357186,-7.32933467074214,2.22475772658724,"M4_country_year_pair_FE"
"factor(entity_year)Lesotho__2018",-2.65792614019664,2.42969084039008,-1.09393594280082,0.274663492413752,-7.43497233886133,2.11912005846804,"M4_country_year_pair_FE"
"factor(entity_year)Lesotho__2020",-4.70558388737422,2.42969084039008,-1.93670067366215,0.0535095418938788,-9.48263008603891,0.0714623112904667,"M4_country_year_pair_FE"
"factor(entity_year)Liberia__2014",-8.32366521603501,2.42969084039008,-3.42581248513851,0.000678637012736433,-13.1007114146997,-3.54661901737032,"M4_country_year_pair_FE"
"factor(entity_year)Liberia__2015",-5.65779477266761,2.42969084039008,-2.32860686578514,0.0203942434755242,-10.4348409713323,-0.880748574002915,"M4_country_year_pair_FE"
"factor(entity_year)Liberia__2016",-4.24492735722035,2.42969084039008,-1.74710596371135,0.0814121942841993,-9.02197355588504,0.53211884144434,"M4_country_year_pair_FE"
"factor(entity_year)Liberia__2019",-7.11192613056232,2.42969084039008,-2.92709097484211,0.00362349102959641,-11.888972329227,-2.33487993189764,"M4_country_year_pair_FE"
"factor(entity_year)Madagascar__2016",-9.20076256927708,2.42969084039008,-3.78680382554348,0.000176837472052217,-13.9778087679418,-4.4237163706124,"M4_country_year_pair_FE"
"factor(entity_year)Madagascar__2017",-2.78327817457989,2.42969084039007,-1.14552770595828,0.252698503024828,-7.56032437324458,1.99376802408479,"M4_country_year_pair_FE"
"factor(entity_year)Madagascar__2018",-5.01498685603341,2.42969084039008,-2.06404319951598,0.0396796593834756,-9.7920330546981,-0.23794065736871,"M4_country_year_pair_FE"
"factor(entity_year)Madagascar__2019",-4.643129677179,2.42969084039007,-1.91099608229727,0.0567436197180509,-9.42017587584368,0.13391652148568,"M4_country_year_pair_FE"
"factor(entity_year)Malawi__2014",-6.2789311837189,2.42969084039008,-2.58425108221211,0.0101245621384666,-11.0559773823836,-1.50188498505422,"M4_country_year_pair_FE"
"factor(entity_year)Malawi__2015",-4.9464411962007,2.42969084039007,-2.03583151978569,0.0424478880542935,-9.72348739486538,-0.169394997536014,"M4_country_year_pair_FE"
"factor(entity_year)Malawi__2017",-6.08506980192889,2.42969084039008,-2.50446258461095,0.0126742281390404,-10.8621160005936,-1.3080236032642,"M4_country_year_pair_FE"
"factor(entity_year)Malawi__2018",-5.50146159305681,2.42969084039007,-2.264264037878,0.0241105885648121,-10.2785077917215,-0.724415394392129,"M4_country_year_pair_FE"
"factor(entity_year)Malaysia__2015",-1.29591007053789,2.42969084039007,-0.533364183210174,0.594087678629923,-6.07295626920257,3.48113612812678,"M4_country_year_pair_FE"
"factor(entity_year)Malaysia__2017",-4.2835486980151,2.42969084039008,-1.76300154192761,0.0786894197775846,-9.0605948966798,0.493497500649593,"M4_country_year_pair_FE"
"factor(entity_year)Malaysia__2018",-1.12140010292026,2.42969084039008,-0.461540243836218,0.644670366780821,-5.89844630158496,3.65564609574443,"M4_country_year_pair_FE"
"factor(entity_year)Malaysia__2019",-4.32903622592697,2.42969084039008,-1.78172307108503,0.0755784583352485,-9.10608242459166,0.448009972737715,"M4_country_year_pair_FE"
"factor(entity_year)Maldives__2014",-5.91691039141833,2.42969084039008,-2.43525237575839,0.0153322369176751,-10.693956590083,-1.13986419275364,"M4_country_year_pair_FE"
"factor(entity_year)Maldives__2015",-3.87816814422629,2.42969084039007,-1.5961570417756,0.111269962232305,-8.65521434289097,0.898878054438391,"M4_country_year_pair_FE"
"factor(entity_year)Maldives__2016",-4.53399624048641,2.42969084039008,-1.86607948843339,0.0627864752657557,-9.31104243915111,0.243049958178282,"M4_country_year_pair_FE"
"factor(entity_year)Maldives__2017",-2.16986714110765,2.42969084039008,-0.89306306178414,0.372378396944027,-6.94691333977234,2.60717905755705,"M4_country_year_pair_FE"
"factor(entity_year)Maldives__2018",-3.04483595911491,2.42969084039008,-1.25317835030652,0.210897416381632,-7.82188215777961,1.73221023954978,"M4_country_year_pair_FE"
"factor(entity_year)Maldives__2021",-6.34045755697821,2.42969084039007,-2.60957379909301,0.00941716114207227,-11.1175037556429,-1.56341135831354,"M4_country_year_pair_FE"
"factor(entity_year)Mali__2013",-4.40791367912082,2.42969084039007,-1.81418705863548,0.0704231634840574,-9.18495987778549,0.369132519543854,"M4_country_year_pair_FE"
"factor(entity_year)Mali__2014",-4.77128070852331,2.42969084039008,-1.96373984262018,0.0502757734327658,-9.548326907188,0.00576549014137839,"M4_country_year_pair_FE"
"factor(entity_year)Mali__2017",-6.57935223411813,2.42969084039007,-2.70789687508632,0.0070714192795871,-11.3563984327828,-1.80230603545345,"M4_country_year_pair_FE"
"factor(entity_year)Mauritania__2013",-3.03618697406833,2.42969084039008,-1.24961864431315,0.21219409045941,-7.81323317273302,1.74085922459636,"M4_country_year_pair_FE"
"factor(entity_year)Mauritania__2016",-6.87923038410261,2.42969084039008,-2.83131922372403,0.0048776710781945,-11.6562765827673,-2.10218418543792,"M4_country_year_pair_FE"
"factor(entity_year)Mauritania__2018",-5.7773247662292,2.42969084039008,-2.37780242250972,0.0179010933271485,-10.5543709648939,-1.00027856756451,"M4_country_year_pair_FE"
"factor(entity_year)Mauritius__2016",-6.26831813849705,2.42969084039008,-2.57988301815826,0.0102512790361525,-11.0453643371617,-1.49127193983235,"M4_country_year_pair_FE"
"factor(entity_year)Mauritius__2017",-8.14951681242738,2.42969084039007,-3.35413735647084,0.000874744027576511,-12.9265630110921,-3.3724706137627,"M4_country_year_pair_FE"
"factor(entity_year)Mauritius__2018",-7.32336636294378,2.42969084039008,-3.0141144878202,0.00274701131869413,-12.1004125616085,-2.54632016427909,"M4_country_year_pair_FE"
"factor(entity_year)Mauritius__2019",-6.52967019020173,2.42969084039007,-2.68744898801752,0.00751066488730269,-11.3067163888664,-1.75262399153705,"M4_country_year_pair_FE"
"factor(entity_year)Mexico__2017",-4.06863448246241,2.42969084039008,-1.67454822433672,0.0948307738332539,-8.8456806811271,0.708411716202287,"M4_country_year_pair_FE"
"factor(entity_year)Mexico__2020",-5.28011122320745,2.42969084039008,-2.17316176010268,0.0303740850084661,-10.0571574218721,-0.503065024542762,"M4_country_year_pair_FE"
"factor(entity_year)Micronesia__2015",-7.37595037327542,2.42969084039008,-3.03575675170724,0.00256160193550771,-12.1529965719401,-2.59890417461073,"M4_country_year_pair_FE"
"factor(entity_year)Micronesia__2016",-6.41828249682074,2.42969084039008,-2.64160459846418,0.00858592520697899,-11.1953286954854,-1.64123629815604,"M4_country_year_pair_FE"
"factor(entity_year)Micronesia__2017",-7.18187760507161,2.42969084039008,-2.95588125274349,0.00330865973097575,-11.9589238037363,-2.40483140640692,"M4_country_year_pair_FE"
"factor(entity_year)Micronesia__2019",-6.50889528474549,2.42969084039008,-2.67889855636963,0.00770151047012659,-11.2859414834102,-1.73184908608081,"M4_country_year_pair_FE"
"factor(entity_year)Micronesia__2020",-5.93101163245681,2.42969084039008,-2.4410560939945,0.0150917896740167,-10.7080578311215,-1.15396543379212,"M4_country_year_pair_FE"
"factor(entity_year)Micronesia__2021",-6.50168199117458,2.42969084039008,-2.67592974509084,0.00776878782073709,-11.2787281898393,-1.72463579250988,"M4_country_year_pair_FE"
"factor(entity_year)Moldova__2014",-7.10462287232839,2.42969084039007,-2.92408513635742,0.00365789061232899,-11.8816690709931,-2.32757667366371,"M4_country_year_pair_FE"
"factor(entity_year)Mongolia__2014",-2.60881936612079,2.42969084039008,-1.07372482241484,0.283615060787198,-7.38586556478548,2.1682268325439,"M4_country_year_pair_FE"
"factor(entity_year)Mongolia__2015",-2.1968340487655,2.42969084039008,-0.904161966718697,0.366472009660351,-6.97388024743018,2.58021214989919,"M4_country_year_pair_FE"
"factor(entity_year)Mongolia__2016",-1.46752315859644,2.42969084039008,-0.603995839388699,0.546200295898225,-6.24456935726112,3.30952304006825,"M4_country_year_pair_FE"
"factor(entity_year)Mongolia__2017",-5.13223922600827,2.42969084039007,-2.11230134332001,0.0353007208642585,-9.90928542467295,-0.355193027343591,"M4_country_year_pair_FE"
"factor(entity_year)Mongolia__2018",-2.35533997297993,2.42969084039007,-0.969399041979265,0.332951580342137,-7.13238617164461,2.42170622568475,"M4_country_year_pair_FE"
"factor(entity_year)Mongolia__2019",-2.71398839275194,2.42969084039008,-1.11700976422013,0.264683147877438,-7.49103459141663,2.06305780591275,"M4_country_year_pair_FE"
"factor(entity_year)Montenegro__2017",-7.50964439196296,2.42969084039007,-3.09078186702853,0.00214073620363249,-12.2866905906276,-2.73259819329828,"M4_country_year_pair_FE"
"factor(entity_year)Montenegro__2018",-5.45445596578965,2.42969084039007,-2.24491769698319,0.0253375746711487,-10.2315021644543,-0.677409767124965,"M4_country_year_pair_FE"
"factor(entity_year)Morocco__2014",-3.28007277709113,2.42969084039008,-1.34999594292603,0.177806326218295,-8.05711897575583,1.49697342157356,"M4_country_year_pair_FE"
"factor(entity_year)Morocco__2018",-2.35496543568278,2.42969084039007,-0.969244891792365,0.333028368804185,-7.13201163434745,2.4220807629819,"M4_country_year_pair_FE"
"factor(entity_year)Mozambique__2013",-2.4226052144274,2.42969084039007,-0.997083733516675,0.319346887152364,-7.19965141309208,2.35444098423728,"M4_country_year_pair_FE"
"factor(entity_year)Mozambique__2017",-1.0808418715699,2.42969084039008,-0.44484748989562,0.656678663097399,-5.85788807023459,3.69620432709478,"M4_country_year_pair_FE"
"factor(entity_year)Mozambique__2020",-5.53649761411365,2.42969084039007,-2.27868398813439,0.0232299979911193,-10.3135438127783,-0.759451415448978,"M4_country_year_pair_FE"
"factor(entity_year)Myanmar__2013",-5.91865099164017,2.42969084039008,-2.43596876328922,0.0153023750623144,-10.6956971903049,-1.14160479297547,"M4_country_year_pair_FE"
"factor(entity_year)Myanmar__2014",-2.90760181818281,2.42969084039008,-1.19669620918355,0.232157567492041,-7.68464801684751,1.86944438048188,"M4_country_year_pair_FE"
"factor(entity_year)Myanmar__2015",-4.35878906620675,2.42969084039008,-1.7939685962297,0.0735986664698233,-9.13583526487144,0.418257132457946,"M4_country_year_pair_FE"
"factor(entity_year)Myanmar__2016",-3.15956457503364,2.42969084039008,-1.30039778004282,0.194238537017192,-7.93661077369834,1.61748162363105,"M4_country_year_pair_FE"
"factor(entity_year)Myanmar__2017",-3.15757288834406,2.42969084039008,-1.29957805159982,0.194519216232759,-7.93461908700874,1.61947331032063,"M4_country_year_pair_FE"
"factor(entity_year)Myanmar__2018",-3.82003108424476,2.42969084039008,-1.57222928149635,0.116714556129425,-8.59707728290945,0.957015114419929,"M4_country_year_pair_FE"
"factor(entity_year)Myanmar__2019",-5.68819921358135,2.42969084039008,-2.34112057345869,0.0197328142575754,-10.465245412246,-0.911153014916652,"M4_country_year_pair_FE"
"factor(entity_year)Myanmar__2020",-3.89063065765962,2.42969084039008,-1.60128630070276,0.110129446805002,-8.66767685632431,0.886415541005074,"M4_country_year_pair_FE"
"factor(entity_year)Myanmar__2021",-2.1891229571978,2.42969084039007,-0.900988274230953,0.368154902248487,-6.96616915586248,2.58792324146687,"M4_country_year_pair_FE"
"factor(entity_year)Namibia__2013",-6.48199114638592,2.42969084039008,-2.66782548570882,0.00795514087022394,-11.2590373450506,-1.70494494772123,"M4_country_year_pair_FE"
"factor(entity_year)Namibia__2014",-5.40861475720179,2.42969084039008,-2.22605060170266,0.0265860535317456,-10.1856609558665,-0.631568558537092,"M4_country_year_pair_FE"
"factor(entity_year)Namibia__2017",-7.17552097976415,2.42969084039008,-2.95326502470255,0.00333619998974278,-11.9525671784288,-2.39847478109946,"M4_country_year_pair_FE"
"factor(entity_year)Namibia__2018",-3.32633799698079,2.42969084039008,-1.36903755065676,0.171781572302117,-8.10338419564548,1.4507082016839,"M4_country_year_pair_FE"
"factor(entity_year)Nepal__2013",-3.06673748526821,2.42969084039008,-1.26219247086426,0.207639645884885,-7.8437836839329,1.71030871339647,"M4_country_year_pair_FE"
"factor(entity_year)Nepal__2014",-9.35172363142983,2.42969084039008,-3.8489356242247,0.000138746894893456,-14.1287698300945,-4.57467743276513,"M4_country_year_pair_FE"
"factor(entity_year)Nepal__2016",-2.97683918149383,2.42969084039007,-1.22519257677076,0.221247819789298,-7.75388538015851,1.80020701717085,"M4_country_year_pair_FE"
"factor(entity_year)Nepal__2017",-4.37892502142528,2.42969084039008,-1.80225605193551,0.0722831047407557,-9.15597122008997,0.398121177239401,"M4_country_year_pair_FE"
"factor(entity_year)Nepal__2018",-3.29666473214301,2.42969084039007,-1.35682477677438,0.17562777943843,-8.07371093080769,1.48038146652167,"M4_country_year_pair_FE"
"factor(entity_year)Nepal__2019",-7.26967107631973,2.42969084039007,-2.99201485039662,0.0029489687752962,-12.0467172749844,-2.49262487765505,"M4_country_year_pair_FE"
"factor(entity_year)Nepal__2021",-3.66081416075985,2.42969084039008,-1.50669957671327,0.132703487085698,-8.43786035942454,1.11623203790485,"M4_country_year_pair_FE"
"factor(entity_year)Niger__2013",-2.92024781751943,2.42969084039008,-1.20190098632079,0.230136835673201,-7.69729401618412,1.85679838114526,"M4_country_year_pair_FE"
"factor(entity_year)Nigeria__2013",-5.57900437797043,2.42969084039008,-2.29617870933519,0.022199381889267,-10.3560505766351,-0.801958179305742,"M4_country_year_pair_FE"
"factor(entity_year)Nigeria__2017",-1.41580799982339,2.42969084039007,-0.58271117307916,0.560427110552163,-6.19285419848807,3.36123819884129,"M4_country_year_pair_FE"
"factor(entity_year)Nigeria__2018",-1.37932412839439,2.42969084039007,-0.567695323810395,0.57057105216403,-6.15637032705907,3.39772207027029,"M4_country_year_pair_FE"
"factor(entity_year)Nigeria__2019",-1.40538086622029,2.42969084039008,-0.578419625599224,0.563317292630661,-6.18242706488499,3.3716653324444,"M4_country_year_pair_FE"
"factor(entity_year)Nigeria__2020",-2.77621580575363,2.42969084039008,-1.1426210115308,0.253902374035106,-7.55326200441833,2.00083039291106,"M4_country_year_pair_FE"
"factor(entity_year)Nigeria__2021",-4.1381518529579,2.42969084039008,-1.70315983588,0.0893410260433696,-8.91519805162259,0.638894345706792,"M4_country_year_pair_FE"
"factor(entity_year)North Macedonia__2019",-3.70295827093744,2.42969084039007,-1.52404503872721,0.128314194048088,-8.48000446960213,1.07408792772724,"M4_country_year_pair_FE"
"factor(entity_year)Pakistan__2015",-0.559808306225679,2.42969084039008,-0.230403101876041,0.817900294995193,-5.33685450489037,4.21723789243901,"M4_country_year_pair_FE"
"factor(entity_year)Pakistan__2016",-0.863229358022386,2.42969084039008,-0.355283620315989,0.722570680323069,-5.64027555668708,3.91381684064231,"M4_country_year_pair_FE"
"factor(entity_year)Pakistan__2017",-0.883198838734099,2.42969084039008,-0.363502559277173,0.716427985461698,-5.66024503739879,3.89384735993059,"M4_country_year_pair_FE"
"factor(entity_year)Pakistan__2018",-1.54706371882069,2.42969084039008,-0.636732745213096,0.52467538249451,-6.32410991748537,3.229982479844,"M4_country_year_pair_FE"
"factor(entity_year)Pakistan__2019",-2.61188172226107,2.42969084039008,-1.07498521163365,0.283051097557551,-7.38892792092576,2.16516447640362,"M4_country_year_pair_FE"
"factor(entity_year)Pakistan__2020",-1.9983713088496,2.42969084039008,-0.822479665161338,0.411310426639012,-6.77541750751429,2.77867488981509,"M4_country_year_pair_FE"
"factor(entity_year)Pakistan__2021",-1.21915980888431,2.42969084039008,-0.501775694511233,0.616110649637767,-5.996206007549,3.55788638978037,"M4_country_year_pair_FE"
"factor(entity_year)Panama__2018",-4.52979674103273,2.42969084039007,-1.86435107945894,0.0630292910541911,-9.30684293969741,0.247249457631952,"M4_country_year_pair_FE"
"factor(entity_year)Papua New Guinea__2013",-2.33066431606652,2.42969084039008,-0.95924315856265,0.338035160107939,-7.10771051473121,2.44638188259817,"M4_country_year_pair_FE"
"factor(entity_year)Papua New Guinea__2014",-2.90482677982445,2.42969084039008,-1.19555407277993,0.23260268345188,-7.68187297848915,1.87221941884024,"M4_country_year_pair_FE"
"factor(entity_year)Papua New Guinea__2017",-1.49958633938633,2.42969084039008,-0.617192242921565,0.537470882400819,-6.27663253805102,3.27745985927835,"M4_country_year_pair_FE"
"factor(entity_year)Papua New Guinea__2018",-3.87529355422795,2.42969084039007,-1.59497393240606,0.111534356019157,-8.65233975289263,0.901752644436734,"M4_country_year_pair_FE"
"factor(entity_year)Peru__2014",-2.0329390451111,2.42969084039008,-0.836706881104562,0.403273702711329,-6.80998524377579,2.74410715355358,"M4_country_year_pair_FE"
"factor(entity_year)Peru__2016",-4.08669459865577,2.42969084039008,-1.68198131660227,0.0933791299127704,-8.86374079732045,0.690351600008923,"M4_country_year_pair_FE"
"factor(entity_year)Peru__2017",-2.63658424363535,2.42969084039008,-1.08515215179066,0.278529782294024,-7.41363044230004,2.14046195502933,"M4_country_year_pair_FE"
"factor(entity_year)Peru__2020",-2.61978596436408,2.42969084039007,-1.07823840005237,0.281598980301998,-7.39683216302876,2.1572602343006,"M4_country_year_pair_FE"
"factor(entity_year)Peru__2021",-2.4298093164635,2.42969084039008,-1.00004876178954,0.317911784311578,-7.20685551512819,2.3472368822012,"M4_country_year_pair_FE"
"factor(entity_year)Philippines__2016",-2.09311041170059,2.42969084039008,-0.861471911119586,0.389511628554054,-6.87015661036528,2.6839357869641,"M4_country_year_pair_FE"
"factor(entity_year)Philippines__2017",-3.12094069714779,2.42969084039008,-1.2845011576233,0.199735014561151,-7.89798689581249,1.6561055015169,"M4_country_year_pair_FE"
"factor(entity_year)Philippines__2018",-3.05568729094704,2.42969084039007,-1.25764448717124,0.209278711804843,-7.83273348961172,1.72135890771764,"M4_country_year_pair_FE"
"factor(entity_year)Philippines__2019",-1.46025676936282,2.42969084039008,-0.601005175262701,0.548188378693735,-6.23730296802751,3.31678942930187,"M4_country_year_pair_FE"
"factor(entity_year)Philippines__2020",-5.24854286607241,2.42969084039008,-2.160169013614,0.0313729392195836,-10.0255890647371,-0.471496667407718,"M4_country_year_pair_FE"
"factor(entity_year)Philippines__2021",-3.34549892894266,2.42969084039008,-1.37692371116876,0.169331800263679,-8.12254512760735,1.43154726972204,"M4_country_year_pair_FE"
"factor(entity_year)Russia__2020",-3.44159612739312,2.42969084039008,-1.4164749153191,0.157440910738346,-8.2186423260578,1.33545007127157,"M4_country_year_pair_FE"
"factor(entity_year)Russia__2021",-5.58329743256214,2.42969084039008,-2.29794562326529,0.0220975464556975,-10.3603436312268,-0.806251233897456,"M4_country_year_pair_FE"
"factor(entity_year)Rwanda__2013",-7.01110724704056,2.42969084039008,-2.88559644317339,0.00412549798878158,-11.7881534457053,-2.23406104837587,"M4_country_year_pair_FE"
"factor(entity_year)Rwanda__2014",-4.17963274192354,2.42969084039008,-1.72023233262571,0.0861896175715523,-8.95667894058823,0.597413456741148,"M4_country_year_pair_FE"
"factor(entity_year)Rwanda__2016",-2.97931213674576,2.42969084039008,-1.2262103833208,0.220865096294509,-7.75635833541045,1.79773406191893,"M4_country_year_pair_FE"
"factor(entity_year)Rwanda__2018",-3.23329058751969,2.42969084039007,-1.33074156340014,0.184057581117381,-8.01033678618437,1.54375561114499,"M4_country_year_pair_FE"
"factor(entity_year)Rwanda__2020",-3.43410354921072,2.42969084039008,-1.41339115747722,0.158344567787607,-8.2111497478754,1.34294264945397,"M4_country_year_pair_FE"
"factor(entity_year)Samoa__2014",-3.88100789361598,2.42969084039008,-1.59732581162174,0.111009260794933,-8.65805409228066,0.896038305048703,"M4_country_year_pair_FE"
"factor(entity_year)Samoa__2017",-4.41016147961477,2.42969084039008,-1.81511219711671,0.0702806041263098,-9.18720767827946,0.36688471904992,"M4_country_year_pair_FE"
"factor(entity_year)Senegal__2013",-4.32981205797466,2.42969084039008,-1.78204238415762,0.0755262849099457,-9.10685825663935,0.447234140690028,"M4_country_year_pair_FE"
"factor(entity_year)Senegal__2016",-3.06200819839596,2.42969084039008,-1.26024601463467,0.208339989137069,-7.83905439706065,1.71503800026873,"M4_country_year_pair_FE"
"factor(entity_year)Senegal__2017",-3.96522803951172,2.42969084039008,-1.63198871790417,0.103495259148569,-8.74227423817641,0.811818159152971,"M4_country_year_pair_FE"
"factor(entity_year)Senegal__2018",-2.62809159236947,2.42969084039008,-1.08165678887259,0.280078599181398,-7.40513779103417,2.14895460629522,"M4_country_year_pair_FE"
"factor(entity_year)Senegal__2019",-2.23787490875215,2.42969084039008,-0.921053358538765,0.357596364316721,-7.01492110741684,2.53917128991253,"M4_country_year_pair_FE"
"factor(entity_year)Senegal__2021",-2.61412021348605,2.42969084039008,-1.07590651865254,0.282639340115249,-7.39116641215075,2.16292598517864,"M4_country_year_pair_FE"
"factor(entity_year)Serbia__2014",-4.63497818689042,2.42969084039008,-1.90764113270736,0.0571775356219952,-9.41202438555511,0.142068011774272,"M4_country_year_pair_FE"
"factor(entity_year)Serbia__2016",-4.7000822979307,2.42969084039008,-1.93443635700422,0.0537880843865816,-9.47712849659539,0.0769639007339835,"M4_country_year_pair_FE"
"factor(entity_year)Serbia__2017",-5.22542043813118,2.42969084039008,-2.15065240040673,0.0321223883674035,-10.0024666367959,-0.448374239466488,"M4_country_year_pair_FE"
"factor(entity_year)Serbia__2018",-5.66962469140947,2.42969084039008,-2.33347576455416,0.0201346184338661,-10.4466708900742,-0.892578492744785,"M4_country_year_pair_FE"
"factor(entity_year)Serbia__2019",-2.12429881563164,2.42969084039008,-0.87430827836952,0.38249263017595,-6.90134501429633,2.65274738303305,"M4_country_year_pair_FE"
"factor(entity_year)Serbia__2021",-3.02514727616411,2.42969084039008,-1.24507498068291,0.213857572832709,-7.8021934748288,1.75189892250058,"M4_country_year_pair_FE"
"factor(entity_year)Seychelles__2017",-5.29457432036342,2.42969084039008,-2.17911440926921,0.0299256966050928,-10.0716205190281,-0.517528121698738,"M4_country_year_pair_FE"
"factor(entity_year)Sierra Leone__2016",-2.50902042857307,2.42969084039008,-1.03265007500718,0.302412573537103,-7.28606662723775,2.26802577009162,"M4_country_year_pair_FE"
"factor(entity_year)Sierra Leone__2018",-6.21399148751867,2.42969084039008,-2.55752352695252,0.0109223803728354,-10.9910376861834,-1.43694528885398,"M4_country_year_pair_FE"
"factor(entity_year)Sierra Leone__2019",-5.24868344729799,2.42969084039008,-2.16022687333148,0.0313684291231774,-10.0257296459627,-0.471637248633293,"M4_country_year_pair_FE"
"factor(entity_year)Sierra Leone__2021",-1.42588213697804,2.42969084039008,-0.586857436046934,0.557641639072069,-6.20292833564273,3.35116406168665,"M4_country_year_pair_FE"
"factor(entity_year)South Africa__2015",-5.19325078692558,2.42969084039008,-2.13741217631286,0.0331906687297588,-9.97029698559027,-0.416204588260892,"M4_country_year_pair_FE"
"factor(entity_year)South Africa__2017",-4.26544464762094,2.42969084039008,-1.75555036744351,0.079956335953922,-9.04249084628562,0.511601551043753,"M4_country_year_pair_FE"
"factor(entity_year)South Africa__2018",-0.245441222671116,2.42969084039008,-0.101017470449743,0.919588905627869,-5.0224874213358,4.53160497599357,"M4_country_year_pair_FE"
"factor(entity_year)South Africa__2019",-4.54286624794715,2.42969084039008,-1.86973016172617,0.0622761612817954,-9.31991244661183,0.234179950717544,"M4_country_year_pair_FE"
"factor(entity_year)South Sudan__2019",-2.10668450044288,2.42969084039008,-0.867058666651046,0.386447143232153,-6.88373069910757,2.67036169822181,"M4_country_year_pair_FE"
"factor(entity_year)Sri Lanka__2013",-1.75521882785572,2.42969084039008,-0.722404183560214,0.470482316319812,-6.53226502652041,3.02182737080896,"M4_country_year_pair_FE"
"factor(entity_year)Sri Lanka__2014",-1.06891577730715,2.42969084039007,-0.439939007686897,0.66022687101977,-5.84596197597184,3.70813042135753,"M4_country_year_pair_FE"
"factor(entity_year)Sri Lanka__2015",-6.06105523774372,2.42969084039008,-2.49457879043189,0.0130268417072365,-10.8381014364084,-1.28400903907903,"M4_country_year_pair_FE"
"factor(entity_year)Sri Lanka__2016",-1.23640848608793,2.42969084039007,-0.508874818777122,0.611129961733379,-6.01345468475261,3.54063771257675,"M4_country_year_pair_FE"
"factor(entity_year)Sri Lanka__2017",-0.25214723239957,2.42969084039008,-0.103777496382663,0.917399683438376,-5.02919343106426,4.52489896626512,"M4_country_year_pair_FE"
"factor(entity_year)Sri Lanka__2018",-1.65208534011379,2.42969084039008,-0.67995701866685,0.496938208387795,-6.42913153877848,3.1249608585509,"M4_country_year_pair_FE"
"factor(entity_year)Sri Lanka__2019",-1.92370364391006,2.42969084039008,-0.791748321198434,0.428992451581907,-6.70074984257475,2.85334255475463,"M4_country_year_pair_FE"
"factor(entity_year)Suriname__2015",-3.30601149034079,2.42969084039008,-1.36067166875026,0.174409370794618,-8.08305768900548,1.47103470832391,"M4_country_year_pair_FE"
"factor(entity_year)Suriname__2016",-2.80571643319854,2.42969084039008,-1.15476273217876,0.248900133367737,-7.58276263186323,1.97132976546615,"M4_country_year_pair_FE"
"factor(entity_year)Suriname__2019",-2.88943444445254,2.42969084039008,-1.1892189723976,0.235082650624613,-7.66648064311723,1.88761175421215,"M4_country_year_pair_FE"
"factor(entity_year)Syria__2018",-7.58733371687176,2.42969084039008,-3.12275685068379,0.0019264098754829,-12.3643799155364,-2.81028751820707,"M4_country_year_pair_FE"
"factor(entity_year)Tajikistan__2013",-2.63778081907293,2.42969084039008,-1.08564463232262,0.27831203226668,-7.41482701773761,2.13926537959176,"M4_country_year_pair_FE"
"factor(entity_year)Tajikistan__2017",-1.96245519709826,2.42969084039008,-0.807697491580121,0.419760913768269,-6.73950139576295,2.81459100156643,"M4_country_year_pair_FE"
"factor(entity_year)Tajikistan__2018",-2.31582637397434,2.42969084039007,-0.95313623259268,0.341115980697537,-7.09287257263902,2.46121982469035,"M4_country_year_pair_FE"
"factor(entity_year)Tajikistan__2020",-2.13453092940121,2.42969084039008,-0.878519560562081,0.380206939621164,-6.9115771280659,2.64251526926349,"M4_country_year_pair_FE"
"factor(entity_year)Tajikistan__2021",-2.60645553997862,2.42969084039008,-1.0727519306778,0.284050904871333,-7.38350173864331,2.17059065868607,"M4_country_year_pair_FE"
"factor(entity_year)Tanzania__2014",-7.11285357260266,2.42969084039008,-2.92747268679694,0.00361914381971254,-11.8898997712674,-2.33580737393797,"M4_country_year_pair_FE"
"factor(entity_year)Tanzania__2015",-2.93552009542865,2.42969084039008,-1.2081866740533,0.227713222376896,-7.71256629409334,1.84152610323604,"M4_country_year_pair_FE"
"factor(entity_year)Tanzania__2018",-3.04153564078703,2.42969084039008,-1.2518200218011,0.211391526577384,-7.81858183945172,1.73551055787765,"M4_country_year_pair_FE"
"factor(entity_year)Tanzania__2019",-6.14055000923762,2.42969084039008,-2.52729685075974,0.0118918337872656,-10.9175962079023,-1.36350381057294,"M4_country_year_pair_FE"
"factor(entity_year)Tanzania__2020",-5.21491599802964,2.42969084039008,-2.14632903550495,0.0324679171962051,-9.99196219669433,-0.437869799364957,"M4_country_year_pair_FE"
"factor(entity_year)Tanzania__2021",-3.20578138576089,2.42969084039008,-1.31941946377269,0.187808970402875,-7.98282758442558,1.57126481290379,"M4_country_year_pair_FE"
"factor(entity_year)Thailand__2013",-2.61958022536035,2.42969084039008,-1.07815372302255,0.281636712931414,-7.39662642402504,2.15746597330434,"M4_country_year_pair_FE"
"factor(entity_year)Thailand__2020",-4.01523170906247,2.42969084039008,-1.65256897804243,0.0992296292476856,-8.79227790772716,0.761814489602215,"M4_country_year_pair_FE"
"factor(entity_year)Togo__2014",-3.40865654557284,2.42969084039008,-1.4029178070349,0.161443097166977,-8.18570274423753,1.36838965309185,"M4_country_year_pair_FE"
"factor(entity_year)Togo__2015",-3.58892598280804,2.42969084039008,-1.47711220009862,0.140458847394229,-8.36597218147273,1.18812021585665,"M4_country_year_pair_FE"
"factor(entity_year)Togo__2016",-6.6604257542139,2.42969084039008,-2.74126470886501,0.00640415998215505,-11.4374719528786,-1.88337955554921,"M4_country_year_pair_FE"
"factor(entity_year)Tonga__2018",-4.78238311095526,2.42969084039008,-1.96830931386623,0.0497458619520031,-9.55942930961995,-0.0053369122905762,"M4_country_year_pair_FE"
"factor(entity_year)Tonga__2020",-5.37149754528669,2.42969084039008,-2.21077408532532,0.0276356822008959,-10.1485437439514,-0.594451346621995,"M4_country_year_pair_FE"
"factor(entity_year)Tunisia__2018",-4.61448404618418,2.42969084039008,-1.89920625681058,0.0582807215702245,-9.39153024484887,0.162562152480506,"M4_country_year_pair_FE"
"factor(entity_year)Tunisia__2019",-3.62653658676962,2.42969084039008,-1.49259178430594,0.13635882737273,-8.40358278543431,1.15050961189507,"M4_country_year_pair_FE"
"factor(entity_year)Turkey__2016",-1.41235677923109,2.42969084039008,-0.581290736974726,0.561382917445314,-6.18940297789578,3.3646894194336,"M4_country_year_pair_FE"
"factor(entity_year)Turkey__2019",-1.59573669914081,2.42969084039008,-0.656765326935429,0.511722172277665,-6.37278289780549,3.18130949952388,"M4_country_year_pair_FE"
"factor(entity_year)Uganda__2014",-3.59825515290578,2.42969084039008,-1.48095185325228,0.139433082138638,-8.37530135157047,1.17879104575891,"M4_country_year_pair_FE"
"factor(entity_year)Uganda__2015",-2.37993859760739,2.42969084039008,-0.979523220833026,0.327933447507735,-7.15698479627208,2.3971076010573,"M4_country_year_pair_FE"
"factor(entity_year)Uganda__2016",-3.72768665568338,2.42969084039008,-1.53422262360133,0.12579198056103,-8.50473285434807,1.04935954298131,"M4_country_year_pair_FE"
"factor(entity_year)Uganda__2018",-5.75111797968883,2.42969084039008,-2.3670163644217,0.0184235172450978,-10.5281641783535,-0.974071781024146,"M4_country_year_pair_FE"
"factor(entity_year)Uganda__2019",-4.05300231485034,2.42969084039008,-1.6681144150009,0.0961018688731476,-8.83004851351502,0.724043883814351,"M4_country_year_pair_FE"
"factor(entity_year)Uganda__2020",-4.5368645751606,2.42969084039008,-1.86726002326791,0.0626210743239938,-9.31391077382528,0.240181623504092,"M4_country_year_pair_FE"
"factor(entity_year)Uganda__2021",-4.67688302471906,2.42969084039008,-1.92488811620502,0.0549760515621416,-9.45392922338375,0.100163173945634,"M4_country_year_pair_FE"
"factor(entity_year)Ukraine__2019",-2.28656574044281,2.42969084039008,-0.941093287438869,0.347244108539764,-7.0636119391075,2.49048045822188,"M4_country_year_pair_FE"
"factor(entity_year)Uruguay__2014",-5.16646073150371,2.42969084039008,-2.12638605933677,0.0341034609716103,-9.9435069301684,-0.389414532839022,"M4_country_year_pair_FE"
"factor(entity_year)Uruguay__2015",-3.32623299179586,2.42969084039008,-1.3689943331481,0.171795070447216,-8.10327919046054,1.45081320686883,"M4_country_year_pair_FE"
"factor(entity_year)Uruguay__2016",-4.22510663880747,2.42969084039008,-1.73894825159284,0.0828390626185152,-9.00215283747216,0.551939559857218,"M4_country_year_pair_FE"
"factor(entity_year)Uruguay__2017",-4.02309687850064,2.42969084039008,-1.65580608512923,0.0985716838791755,-8.80014307716533,0.753949320164051,"M4_country_year_pair_FE"
"factor(entity_year)Uzbekistan__2014",-1.87915467497868,2.42969084039008,-0.773413079450466,0.439750104398783,-6.65620087364337,2.89789152368601,"M4_country_year_pair_FE"
"factor(entity_year)Uzbekistan__2018",-3.9146127561052,2.42969084039008,-1.61115673279516,0.107960812734607,-8.69165895476989,0.862433442559483,"M4_country_year_pair_FE"
"factor(entity_year)Vanuatu__2014",-2.94121093728535,2.42969084039008,-1.21052888227259,0.226814808010545,-7.71825713595004,1.83583526137934,"M4_country_year_pair_FE"
"factor(entity_year)Vanuatu__2017",-5.25829064315594,2.42969084039008,-2.16418095493653,0.0310615332733732,-10.0353368418206,-0.481244444491248,"M4_country_year_pair_FE"
"factor(entity_year)Vanuatu__2018",-6.62859054666295,2.42969084039008,-2.72816213341725,0.00665907868171632,-11.4056367453276,-1.85154434799826,"M4_country_year_pair_FE"
"factor(entity_year)Vanuatu__2021",-4.3493370698165,2.42969084039008,-1.79007839084508,0.0742229474924605,-9.12638326848119,0.427709128848188,"M4_country_year_pair_FE"
"factor(entity_year)Venezuela__2014",-2.97263484662732,2.42969084039008,-1.22346217766129,0.221899592671222,-7.74968104529201,1.80441135203736,"M4_country_year_pair_FE"
"factor(entity_year)Venezuela__2015",-0.931822241842439,2.42969084039008,-0.383514736258724,0.701548741479393,-5.70886844050713,3.84522395682225,"M4_country_year_pair_FE"
"factor(entity_year)Vietnam__2015",-5.40696564189556,2.42969084039008,-2.22537186707569,0.0266319439716358,-10.1840118405602,-0.62991944323087,"M4_country_year_pair_FE"
"factor(entity_year)Vietnam__2016",-1.31989965629377,2.42969084039008,-0.543237696892278,0.58727890797259,-6.09694585495846,3.45714654237092,"M4_country_year_pair_FE"
"factor(entity_year)Vietnam__2017",-4.77779292461893,2.42969084039008,-1.96642010793928,0.0499643760941525,-9.55483912328362,-0.000746725954243743,"M4_country_year_pair_FE"
"factor(entity_year)Vietnam__2019",-5.8068301520133,2.42969084039008,-2.38994610157111,0.0173285444161009,-10.583876350678,-1.02978395334861,"M4_country_year_pair_FE"
"factor(entity_year)Vietnam__2020",-5.06028754549574,2.42969084039008,-2.08268783063912,0.0379358488446743,-9.83733374416043,-0.28324134683105,"M4_country_year_pair_FE"
"factor(entity_year)Vietnam__2021",-3.52152800330802,2.42969084039008,-1.44937287689764,0.148043317949256,-8.29857420197271,1.25551819535667,"M4_country_year_pair_FE"
"factor(entity_year)Zambia__2013",-2.25726993255789,2.42969084039008,-0.929035865400675,0.35344959729362,-7.03431613122258,2.5197762661068,"M4_country_year_pair_FE"
"factor(entity_year)Zambia__2014",-2.29556576841461,2.42969084039008,-0.944797473923089,0.345351765547673,-7.0726119670793,2.48148043025008,"M4_country_year_pair_FE"
"factor(entity_year)Zambia__2015",-1.22260047148715,2.42969084039008,-0.503191785211185,0.615115704080576,-5.99964667015184,3.55444572717754,"M4_country_year_pair_FE"
"factor(entity_year)Zambia__2016",0.00928511343920666,2.42969084039008,0.00382152053456973,0.996952844288025,-4.76776108522548,4.7863313121039,"M4_country_year_pair_FE"
"factor(entity_year)Zambia__2017",-2.71754079775498,2.42969084039008,-1.1184718452981,0.264059303387974,-7.49458699641967,2.05950540090971,"M4_country_year_pair_FE"
"factor(entity_year)Zambia__2018",-0.1690249375405,2.42969084039008,-0.0695664381371925,0.944574682029699,-4.94607113620519,4.60802126112419,"M4_country_year_pair_FE"
"factor(entity_year)Zimbabwe__2013",-5.4658174860896,2.42969084039008,-2.24959381466495,0.0250361375076341,-10.2428636847543,-0.688771287424907,"M4_country_year_pair_FE"
"factor(entity_year)Zimbabwe__2014",-6.51150238486081,2.42969084039008,-2.6799715735914,0.00767732368242705,-11.2885485835255,-1.73445618619612,"M4_country_year_pair_FE"
"factor(entity_year)Zimbabwe__2015",-1.93903920830672,2.42969084039008,-0.798060056066809,0.425325068958476,-6.71608540697141,2.83800699035797,"M4_country_year_pair_FE"
"factor(entity_year)Zimbabwe__2016",-7.6895058987182,2.42969084039008,-3.16480836610623,0.00167462008711451,-12.4665520973829,-2.91245970005351,"M4_country_year_pair_FE"
"factor(entity_year)Zimbabwe__2017",-3.01750105562005,2.42969084039008,-1.24192798748651,0.215015242457474,-7.79454725428474,1.75954514304464,"M4_country_year_pair_FE"
