"entity","year","strategic_present","social_present","strategic_aid_usd2021","social_aid_usd2021","coverage","strategic_share_of_two_family_aid"
"Afghanistan",2014,FALSE,TRUE,0,2950061.86642334,"Social only",NA
"Afghanistan",2015,FALSE,TRUE,0,14992657.9113782,"Social only",NA
"Afghanistan",2016,FALSE,TRUE,0,43304618.3133107,"Social only",NA
"Afghanistan",2017,FALSE,TRUE,0,88912157.8849741,"Social only",NA
"Afghanistan",2018,FALSE,TRUE,0,506496.645858367,"Social only",NA
"Afghanistan",2020,FALSE,TRUE,0,4861875.59472574,"Social only",NA
"Afghanistan",2021,FALSE,TRUE,0,33400000,"Social only",NA
"Albania",2016,FALSE,TRUE,0,1948893.77342829,"Social only",NA
"Albania",2017,FALSE,TRUE,0,4056085.8607782,"Social only",NA
"Albania",2020,FALSE,TRUE,0,163058.20234856,"Social only",NA
"Algeria",2016,FALSE,TRUE,0,17769640.171141,"Social only",NA
"Algeria",2017,FALSE,TRUE,0,34105728.2050665,"Social only",NA
"Algeria",2018,FALSE,TRUE,0,65433.5882894543,"Social only",NA
"Algeria",2020,FALSE,TRUE,0,7590471.00302571,"Social only",NA
"Algeria",2021,FALSE,TRUE,0,61200000,"Social only",NA
"Angola",2013,TRUE,TRUE,4269476743.51534,389895973.904334,"Both families funded",0.916320071917266
"Angola",2014,TRUE,TRUE,2338185128.73472,62887.7457803049,"Both families funded",0.999973104758205
"Angola",2015,TRUE,TRUE,2391349592.63209,503937441.529231,"Both families funded",0.825945602082522
"Angola",2016,TRUE,TRUE,15882221603.4518,907147332.241488,"Both families funded",0.94596894405525
"Angola",2017,TRUE,TRUE,508526828.693356,185906714.872194,"Both families funded",0.732290128271079
"Angola",2018,TRUE,TRUE,2073847722.38071,88027954.3212102,"Both families funded",0.959281675967832
"Angola",2019,FALSE,TRUE,0,151038289.771572,"Social only",NA
"Angola",2020,TRUE,TRUE,55841850.1193699,1251882.35323121,"Both families funded",0.978073208756636
"Angola",2021,FALSE,TRUE,0,83300000,"Social only",NA
"Antigua and Barbuda",2013,TRUE,TRUE,51368731.7982049,6971470.7440421,"Both families funded",0.880503144654088
"Antigua and Barbuda",2014,FALSE,TRUE,0,11070952.3140848,"Social only",NA
"Antigua and Barbuda",2015,FALSE,TRUE,0,1413331.50368497,"Social only",NA
"Antigua and Barbuda",2016,TRUE,FALSE,106617841.026846,0,"Strategic only",NA
"Antigua and Barbuda",2017,FALSE,TRUE,0,201659.17747867,"Social only",NA
"Antigua and Barbuda",2018,TRUE,TRUE,6539098.48727206,57156564.555415,"Both families funded",0.102661596958175
"Antigua and Barbuda",2019,FALSE,TRUE,0,39268803.6972384,"Social only",NA
"Antigua and Barbuda",2021,FALSE,TRUE,0,360000,"Social only",NA
"Argentina",2013,TRUE,FALSE,4051117.77079396,0,"Strategic only",NA
"Argentina",2014,TRUE,FALSE,5464317611.04366,0,"Strategic only",NA
"Argentina",2015,TRUE,FALSE,64130032.5441622,0,"Strategic only",NA
"Argentina",2016,TRUE,TRUE,633217718.453124,59069745.5306323,"Both families funded",0.914674541135388
"Argentina",2017,TRUE,FALSE,1579180548.26974,0,"Strategic only",NA
"Argentina",2018,TRUE,TRUE,247341400.281065,19072370.5878768,"Both families funded",0.928410717938229
"Argentina",2019,TRUE,FALSE,1252774542.67228,0,"Strategic only",NA
"Argentina",2020,TRUE,TRUE,12564416.2768582,13347435.4369154,"Both families funded",0.484890713934562
"Argentina",2021,TRUE,TRUE,44500000,5342000,"Both families funded",0.892821315356527
"Armenia",2014,FALSE,TRUE,0,14985251.4230783,"Social only",NA
"Armenia",2015,FALSE,TRUE,0,10783684.2256936,"Social only",NA
"Armenia",2017,FALSE,TRUE,0,17052864.1025332,"Social only",NA
"Armenia",2020,FALSE,TRUE,0,185180.330997928,"Social only",NA
"Armenia",2021,FALSE,TRUE,0,1800000,"Social only",NA
"Azerbaijan",2014,TRUE,FALSE,5390378.20974042,0,"Strategic only",NA
"Azerbaijan",2015,TRUE,FALSE,604648408.622052,0,"Strategic only",NA
"Azerbaijan",2016,FALSE,TRUE,0,16649343.5678543,"Social only",NA
"Azerbaijan",2017,TRUE,FALSE,49389213.4099188,0,"Strategic only",NA
"Azerbaijan",2018,TRUE,FALSE,170221663.744569,0,"Strategic only",NA
"Azerbaijan",2019,TRUE,FALSE,40743823.5344619,0,"Strategic only",NA
"Azerbaijan",2020,FALSE,TRUE,0,945844.563369269,"Social only",NA
"Azerbaijan",2021,TRUE,TRUE,152960000,2700000,"Both families funded",0.982654503404857
"Bahamas",2014,FALSE,TRUE,0,1190127.37376412,"Social only",NA
"Bahamas",2015,FALSE,TRUE,0,167840.704922806,"Social only",NA
"Bahamas",2016,FALSE,TRUE,0,28600.2659969503,"Social only",NA
"Bahamas",2020,FALSE,TRUE,0,10866.8240332293,"Social only",NA
"Bahamas",2021,FALSE,TRUE,0,332869.2,"Social only",NA
"Bangladesh",2013,TRUE,TRUE,145814689.065766,229969729.863207,"Both families funded",0.388027501196973
"Bangladesh",2014,TRUE,FALSE,504060458.860283,0,"Strategic only",NA
"Bangladesh",2015,TRUE,TRUE,428137745.614069,5096846.52682163,"Both families funded",0.988235365736529
"Bangladesh",2016,TRUE,TRUE,1475691890.28945,409926346.102306,"Both families funded",0.782603743328913
"Bangladesh",2017,TRUE,FALSE,789809099.825889,0,"Strategic only",NA
"Bangladesh",2018,TRUE,FALSE,6363204003.77473,0,"Strategic only",NA
"Bangladesh",2019,TRUE,TRUE,2545740003.36741,449425.844904855,"Both families funded",0.999823490805614
"Bangladesh",2020,TRUE,FALSE,2743589391.79181,0,"Strategic only",NA
"Bangladesh",2021,TRUE,TRUE,1506547500,55800000,"Both families funded",0.964284514168583
"Barbados",2013,FALSE,TRUE,0,31585.0234613153,"Social only",NA
"Barbados",2014,FALSE,TRUE,0,35935.8547316028,"Social only",NA
"Barbados",2015,FALSE,TRUE,0,5667491.62637371,"Social only",NA
"Barbados",2016,TRUE,TRUE,11217642.8294054,27748.9059464239,"Both families funded",0.997532419803644
"Barbados",2017,FALSE,TRUE,0,5421751.02878368,"Social only",NA
"Barbados",2018,FALSE,TRUE,0,277788.93878822,"Social only",NA
"Barbados",2019,FALSE,TRUE,0,140445.576532767,"Social only",NA
"Barbados",2020,FALSE,TRUE,0,134587.705021364,"Social only",NA
"Barbados",2021,FALSE,TRUE,0,650000,"Social only",NA
"Belarus",2013,TRUE,TRUE,456341735.613347,27518963.4633241,"Both families funded",0.943126268540022
"Belarus",2014,TRUE,FALSE,32936083.1344025,0,"Strategic only",NA
"Belarus",2015,TRUE,TRUE,763099835.194418,37496327.6955205,"Both families funded",0.953164492370075
"Belarus",2016,TRUE,TRUE,1653126311.70185,71839101.2838889,"Both families funded",0.95835330914865
"Belarus",2017,TRUE,TRUE,202566122.907638,85639845.2996386,"Both families funded",0.702851936646756
"Belarus",2018,TRUE,TRUE,761411054.247921,229900134.479645,"Both families funded",0.768084798099836
"Belarus",2019,TRUE,FALSE,82674076.7823996,0,"Strategic only",NA
"Belarus",2020,FALSE,TRUE,0,21733.6480664587,"Social only",NA
"Belarus",2021,TRUE,TRUE,19550000,45373643.4108526,"Both families funded",0.301122964961822
"Benin",2013,TRUE,TRUE,239066408.593717,17902298.9295124,"Both families funded",0.930332766576669
"Benin",2014,TRUE,TRUE,6053394.72953849,1796792.73658014,"Both families funded",0.771114671549554
"Benin",2015,TRUE,FALSE,237148050.607728,0,"Strategic only",NA
"Benin",2016,TRUE,TRUE,71078560.6845641,22034353.8122148,"Both families funded",0.763358778625955
"Benin",2017,FALSE,TRUE,0,115915888.77658,"Social only",NA
"Benin",2019,TRUE,FALSE,54348453.2150965,0,"Strategic only",NA
"Benin",2020,FALSE,TRUE,0,1968323.53461576,"Social only",NA
"Benin",2021,TRUE,TRUE,840000000,1800000,"Both families funded",0.997861724875267
"Bolivia",2013,TRUE,TRUE,13576021.9752398,5076164.48485425,"Both families funded",0.72785150439523
"Bolivia",2014,TRUE,FALSE,1107095.23140848,0,"Strategic only",NA
"Bolivia",2015,TRUE,TRUE,552608490.460676,9820466.77739824,"Both families funded",0.982539187125742
"Bolivia",2016,TRUE,TRUE,681630450.954316,64977267.0755006,"Both families funded",0.912970003515413
"Bolivia",2017,TRUE,TRUE,456480323.493346,4839820.25948809,"Both families funded",0.989508760185245
"Bolivia",2018,FALSE,TRUE,0,57674008.9507915,"Social only",NA
"Bolivia",2020,FALSE,TRUE,0,202542.598754268,"Social only",NA
"Bolivia",2021,FALSE,TRUE,0,8379500.5,"Social only",NA
"Bosnia and Herzegovina",2016,TRUE,FALSE,338565227.451569,0,"Strategic only",NA
"Bosnia and Herzegovina",2017,TRUE,TRUE,797877329.586322,6480088.35896265,"Both families funded",0.991943770002748
"Bosnia and Herzegovina",2020,FALSE,TRUE,0,270949.124127192,"Social only",NA
"Bosnia and Herzegovina",2021,TRUE,TRUE,467422355.294117,1838058.82352941,"Both families funded",0.996083072920213
"Botswana",2013,FALSE,TRUE,0,15240798.7898677,"Social only",NA
"Botswana",2014,FALSE,TRUE,0,21593.295287121,"Social only",NA
"Botswana",2015,FALSE,TRUE,0,13350452.4417936,"Social only",NA
"Botswana",2016,FALSE,TRUE,0,14215712.1369128,"Social only",NA
"Botswana",2018,TRUE,FALSE,363752.908147005,0,"Strategic only",NA
"Botswana",2020,FALSE,TRUE,0,985409.67229379,"Social only",NA
"Botswana",2021,FALSE,TRUE,0,3672148.66425993,"Social only",NA
"Brazil",2013,TRUE,FALSE,232791076.984237,0,"Strategic only",NA
"Brazil",2014,TRUE,FALSE,934179249.226512,0,"Strategic only",NA
"Brazil",2015,TRUE,FALSE,8375881477.1694,0,"Strategic only",NA
"Brazil",2016,TRUE,FALSE,9640702912.45838,0,"Strategic only",NA
"Brazil",2017,TRUE,FALSE,6055231530.29978,0,"Strategic only",NA
"Brazil",2018,TRUE,FALSE,1233826912.14879,0,"Strategic only",NA
"Brazil",2019,TRUE,TRUE,2489881600.40493,57874314.9341014,"Both families funded",0.977284199563364
"Brazil",2020,TRUE,TRUE,130415709.040216,70802084.7731184,"Both families funded",0.648132088960283
"Brazil",2021,TRUE,TRUE,1880000000,190160,"Both families funded",0.999898861293902
"Brunei",2015,TRUE,FALSE,218428494.107151,0,"Strategic only",NA
"Brunei",2017,FALSE,TRUE,0,9218.70525616779,"Social only",NA
"Brunei",2018,TRUE,FALSE,1907237058.78768,0,"Strategic only",NA
"Brunei",2020,FALSE,TRUE,0,255119.562036659,"Social only",NA
"Brunei",2021,FALSE,TRUE,0,18936000,"Social only",NA
"Bulgaria",2016,TRUE,FALSE,174669620.719951,0,"Strategic only",NA
"Bulgaria",2018,TRUE,FALSE,102464403.746309,0,"Strategic only",NA
"Bulgaria",2020,FALSE,TRUE,0,7516.31302606719,"Social only",NA
"Burkina Faso",2018,FALSE,TRUE,0,126110405.063047,"Social only",NA
"Burkina Faso",2019,TRUE,TRUE,34733.8295665708,11734828.1783803,"Both families funded",0.00295115736194078
"Burkina Faso",2020,FALSE,TRUE,0,67765075.1055139,"Social only",NA
"Burkina Faso",2021,TRUE,TRUE,6131318.41379186,7740998.68356987,"Both families funded",0.441982285350003
"Burundi",2013,FALSE,TRUE,0,733839.025688642,"Social only",NA
"Burundi",2014,FALSE,TRUE,0,898396.36829007,"Social only",NA
"Burundi",2015,TRUE,FALSE,1064181.49078715,0,"Strategic only",NA
"Burundi",2016,TRUE,FALSE,94464360.6686773,0,"Strategic only",NA
"Burundi",2017,FALSE,TRUE,0,1200395.98051743,"Social only",NA
"Burundi",2018,FALSE,TRUE,0,544924.873939338,"Social only",NA
"Burundi",2019,FALSE,TRUE,0,44055.6475061392,"Social only",NA
"Burundi",2020,FALSE,TRUE,0,1095754.48535615,"Social only",NA
"Burundi",2021,FALSE,TRUE,0,14761,"Social only",NA
"Cabo Verde",2013,FALSE,TRUE,0,2278570.17476323,"Social only",NA
"Cabo Verde",2014,FALSE,TRUE,0,1771352.37025358,"Social only",NA
"Cabo Verde",2015,FALSE,TRUE,0,13417486.7838569,"Social only",NA
"Cabo Verde",2016,FALSE,TRUE,0,74632488.7187923,"Social only",NA
"Cabo Verde",2017,FALSE,TRUE,0,66030098.5195657,"Social only",NA
"Cabo Verde",2018,FALSE,TRUE,0,25667.2485271341,"Social only",NA
"Cabo Verde",2019,FALSE,TRUE,0,50792.3155244208,"Social only",NA
"Cabo Verde",2020,FALSE,TRUE,0,58633.9426253384,"Social only",NA
"Cabo Verde",2021,FALSE,TRUE,0,900000,"Social only",NA
"Cambodia",2013,TRUE,TRUE,991331923.273711,90242.9241751867,"Both families funded",0.999908976289565
"Cambodia",2014,TRUE,TRUE,430573027.167267,20423221.8077299,"Both families funded",0.954715317801098
"Cambodia",2015,TRUE,TRUE,181482007.946152,196598858.917194,"Both families funded",0.48000844224616
"Cambodia",2016,TRUE,TRUE,345061853.232736,146620536.797431,"Both families funded",0.701798275125463
"Cambodia",2017,TRUE,TRUE,372798352.696804,56274.4515383598,"Both families funded",0.999849071333863
"Cambodia",2018,TRUE,TRUE,1901573565.20515,65841411.9366157,"Both families funded",0.96653404965318
"Cambodia",2019,TRUE,TRUE,2099903984.99223,105771539.601663,"Both families funded",0.952045739084339
"Cambodia",2020,TRUE,TRUE,1023613600.35961,2638137.33449156,"Both families funded",0.997429346779554
"Cambodia",2021,TRUE,TRUE,661000000,121688966.4,"Both families funded",0.844524489773106
"Cameroon",2013,TRUE,TRUE,610906263.727898,337382492.060353,"Both families funded",0.644219664104412
"Cameroon",2014,TRUE,TRUE,427127092.23645,1791.36490169425,"Both families funded",0.999995806031925
"Cameroon",2015,TRUE,TRUE,1043828507.26538,765045901.113685,"Both families funded",0.577059691059899
"Cameroon",2016,TRUE,TRUE,357718499.425025,166676934.439011,"Both families funded",0.682154107996626
"Cameroon",2017,TRUE,TRUE,1080495308.36389,16490685.2127943,"Both families funded",0.984967278242973
"Cameroon",2018,TRUE,TRUE,44106239.5237972,209328945.981075,"Both families funded",0.174033607195988
"Cameroon",2019,FALSE,TRUE,0,113396087.157677,"Social only",NA
"Cameroon",2020,FALSE,TRUE,0,7302607.25665929,"Social only",NA
"Cameroon",2021,TRUE,TRUE,50117647.0588235,21600000,"Both families funded",0.698818897637795
"Central African Republic",2015,TRUE,FALSE,10006162.8764617,0,"Strategic only",NA
"Central African Republic",2016,FALSE,TRUE,0,119471.463718588,"Social only",NA
"Central African Republic",2017,FALSE,TRUE,0,356374.874600579,"Social only",NA
"Central African Republic",2018,FALSE,TRUE,0,6289631.35045332,"Social only",NA
"Central African Republic",2019,TRUE,TRUE,35696728.5084441,395960.437280489,"Both families funded",0.989029345032288
"Central African Republic",2020,FALSE,TRUE,0,2153849.06558314,"Social only",NA
"Central African Republic",2021,TRUE,TRUE,200000000,2981319.31545633,"Both families funded",0.985312346350341
"Chad",2013,TRUE,TRUE,3384109.6565695,1579251.17306577,"Both families funded",0.681818181818182
"Chad",2015,FALSE,TRUE,0,2458636.42301579,"Social only",NA
"Chad",2016,FALSE,TRUE,0,188407.753954529,"Social only",NA
"Chad",2018,FALSE,TRUE,0,131385241.046746,"Social only",NA
"Chad",2019,FALSE,TRUE,0,65608.344736856,"Social only",NA
"Chad",2020,FALSE,TRUE,0,3534852.05066658,"Social only",NA
"Chad",2021,FALSE,TRUE,0,3657706.52624745,"Social only",NA
"Chile",2013,TRUE,FALSE,58657900.7138714,0,"Strategic only",NA
"Chile",2015,TRUE,FALSE,60378425.6433476,0,"Strategic only",NA
"Chile",2017,TRUE,FALSE,228116861.563872,0,"Strategic only",NA
"Chile",2018,TRUE,TRUE,3160564268.84815,80648881.343022,"Both families funded",0.97511768661735
"Chile",2019,TRUE,FALSE,510558995.458038,0,"Strategic only",NA
"Chile",2020,TRUE,TRUE,40206132.0859463,3222856.53778931,"Both families funded",0.925790200510728
"Chile",2021,TRUE,TRUE,252392379,189363600,"Both families funded",0.571338908805126
"Colombia",2013,FALSE,TRUE,0,1637.79806052012,"Social only",NA
"Colombia",2017,TRUE,FALSE,182415130.25642,0,"Strategic only",NA
"Colombia",2018,TRUE,TRUE,76289482.3515072,1886512.90435717,"Both families funded",0.975868386476146
"Colombia",2019,TRUE,FALSE,504705223.828151,0,"Strategic only",NA
"Colombia",2020,TRUE,TRUE,152882575.334064,3091402.58893431,"Both families funded",0.980180010601124
"Colombia",2021,TRUE,TRUE,89280000,13941090,"Both families funded",0.864939519627239
"Comoros",2013,TRUE,FALSE,608941.110939368,0,"Strategic only",NA
"Comoros",2014,TRUE,TRUE,5255618.75449691,32342269.2584425,"Both families funded",0.139784946236559
"Comoros",2015,TRUE,TRUE,797690.010411029,106358.668054803,"Both families funded",0.882352941176471
"Comoros",2016,TRUE,FALSE,6740171.85745991,0,"Strategic only",NA
"Comoros",2018,TRUE,TRUE,115348.017901583,10487046.6453716,"Both families funded",0.0108794306913654
"Comoros",2019,TRUE,TRUE,14722780.7968656,130896.012324128,"Both families funded",0.991187635626814
"Comoros",2020,FALSE,TRUE,0,139199.974210602,"Social only",NA
"Comoros",2021,FALSE,TRUE,0,5400000,"Social only",NA
"Congo",2013,TRUE,TRUE,455328099.305472,267934569.894624,"Both families funded",0.62954735353485
"Congo",2014,TRUE,TRUE,249096427.066909,473058348.090109,"Both families funded",0.344934958039637
"Congo",2015,TRUE,TRUE,546308660.92457,142612258.265223,"Both families funded",0.792991830712671
"Congo",2016,TRUE,TRUE,2496205325.29197,3304302.56051487,"Both families funded",0.998678019670861
"Congo",2017,TRUE,TRUE,1453212177.5343,166328152.740779,"Both families funded",0.897299159748292
"Congo",2018,TRUE,FALSE,440824946.506579,0,"Strategic only",NA
"Congo",2019,TRUE,TRUE,338303057.622905,49309377.8794908,"Both families funded",0.872786904229274
"Congo",2020,FALSE,TRUE,0,2801691.720004,"Social only",NA
"Congo",2021,FALSE,TRUE,0,31253446.3419472,"Social only",NA
"Cook Islands",2013,TRUE,TRUE,10172882.9736454,386889.172940564,"Both families funded",0.963361977174323
"Cook Islands",2015,FALSE,TRUE,0,11549431.9740221,"Social only",NA
"Cook Islands",2017,FALSE,TRUE,0,11937004.8717733,"Social only",NA
"Cook Islands",2020,FALSE,TRUE,0,258547.766052683,"Social only",NA
"Cook Islands",2021,FALSE,TRUE,0,228835.460992907,"Social only",NA
"Costa Rica",2013,TRUE,TRUE,449111546.481307,4483455.72709094,"Both families funded",0.990115729438679
"Costa Rica",2014,TRUE,TRUE,55354761.5704244,57568.9520332413,"Both families funded",0.998961080476305
"Costa Rica",2017,FALSE,TRUE,0,20234502.2224634,"Social only",NA
"Costa Rica",2018,FALSE,TRUE,0,18867420.7841964,"Social only",NA
"Costa Rica",2020,FALSE,TRUE,0,305396.759714158,"Social only",NA
"Costa Rica",2021,FALSE,TRUE,0,4826720.72593879,"Social only",NA
"Cote d'Ivoire",2013,TRUE,TRUE,564018276.094917,4495173.9543873,"Both families funded",0.992093108871923
"Cote d'Ivoire",2014,TRUE,TRUE,901622072.617197,163604957.767969,"Both families funded",0.84641306209737
"Cote d'Ivoire",2015,TRUE,TRUE,912178421.197142,910799.346348629,"Both families funded",0.999002507831812
"Cote d'Ivoire",2016,FALSE,TRUE,0,108648205.21021,"Social only",NA
"Cote d'Ivoire",2017,TRUE,TRUE,138128199.23052,26064862.3562034,"Both families funded",0.841254788087153
"Cote d'Ivoire",2018,TRUE,TRUE,588261920.845608,443105172.37608,"Both families funded",0.570371039285392
"Cote d'Ivoire",2019,TRUE,TRUE,673480010.555876,664802037.560168,"Both families funded",0.503242206307678
"Cote d'Ivoire",2020,TRUE,TRUE,607608114.435035,142539739.991899,"Both families funded",0.809984472859967
"Cote d'Ivoire",2021,TRUE,TRUE,69816654.73675,16531200,"Both families funded",0.80855112092363
"Cuba",2014,TRUE,FALSE,132851427.769018,0,"Strategic only",NA
"Cuba",2015,TRUE,TRUE,120689514.75252,809041.023520332,"Both families funded",0.99334114699263
"Cuba",2016,TRUE,FALSE,572690186.553856,0,"Strategic only",NA
"Cuba",2017,TRUE,FALSE,308826626.081621,0,"Strategic only",NA
"Cuba",2018,TRUE,FALSE,3269549.24363603,0,"Strategic only",NA
"Cuba",2020,FALSE,TRUE,0,1183869.55927068,"Social only",NA
"Cuba",2021,FALSE,TRUE,0,3018684.52,"Social only",NA
"Djibouti",2013,TRUE,TRUE,554760480.111095,420841036.972335,"Both families funded",0.568634294224508
"Djibouti",2014,FALSE,TRUE,0,22141904.6281697,"Social only",NA
"Djibouti",2015,TRUE,FALSE,27406125.4054221,0,"Strategic only",NA
"Djibouti",2016,TRUE,FALSE,465795295.203319,0,"Strategic only",NA
"Djibouti",2017,FALSE,TRUE,0,110869013.268466,"Social only",NA
"Djibouti",2018,FALSE,TRUE,0,8010395.64690827,"Social only",NA
"Djibouti",2019,TRUE,FALSE,269655506.942913,0,"Strategic only",NA
"Djibouti",2020,FALSE,TRUE,0,390892.950835589,"Social only",NA
"Djibouti",2021,FALSE,TRUE,0,23400000,"Social only",NA
"Dominica",2013,TRUE,TRUE,4386808.81407158,2517192.67664583,"Both families funded",0.635400907715583
"Dominica",2016,TRUE,FALSE,12988849.5919431,0,"Strategic only",NA
"Dominica",2019,FALSE,TRUE,0,100613.130352866,"Social only",NA
"Dominica",2020,FALSE,TRUE,0,568363.853769741,"Social only",NA
"Dominica",2021,FALSE,TRUE,0,32046800,"Social only",NA
"Dominican Republic",2019,FALSE,TRUE,0,14234941.340249,"Social only",NA
"Dominican Republic",2020,FALSE,TRUE,0,1119799.13406628,"Social only",NA
"Dominican Republic",2021,FALSE,TRUE,0,37251990,"Social only",NA
"Ecuador",2013,TRUE,TRUE,781368062.238805,4512146.20875934,"Both families funded",0.994258480923355
"Ecuador",2014,TRUE,TRUE,2297990897.56707,33212856.9422546,"Both families funded",0.985752915472099
"Ecuador",2015,TRUE,TRUE,114472108.097053,17444720.0754874,"Both families funded",0.867759706497259
"Ecuador",2016,TRUE,TRUE,7941459.46365534,412788623.818672,"Both families funded",0.0188754257877165
"Ecuador",2017,FALSE,TRUE,0,69967901.4126941,"Social only",NA
"Ecuador",2018,TRUE,FALSE,139976782.268754,0,"Strategic only",NA
"Ecuador",2019,TRUE,TRUE,63841128.3509735,120043193.311742,"Both families funded",0.347180922080308
"Ecuador",2020,FALSE,TRUE,0,61873613.0464349,"Social only",NA
"Ecuador",2021,FALSE,TRUE,0,12600000,"Social only",NA
"Egypt",2014,TRUE,FALSE,117214.207115881,0,"Strategic only",NA
"Egypt",2016,TRUE,TRUE,3553928.0342282,266544.602567115,"Both families funded",0.930232558139535
"Egypt",2017,TRUE,TRUE,1021932403.66985,115233.815702097,"Both families funded",0.999887252011085
"Egypt",2018,TRUE,TRUE,816334400.977775,54492487.3939338,"Both families funded",0.937424431742312
"Egypt",2019,TRUE,TRUE,3439231278.13441,10815283.0182811,"Both families funded",0.996865177664539
"Egypt",2020,FALSE,TRUE,0,5947522.97341859,"Social only",NA
"Egypt",2021,FALSE,TRUE,0,79800000,"Social only",NA
"El Salvador",2018,FALSE,TRUE,0,15639213.832862,"Social only",NA
"El Salvador",2019,TRUE,TRUE,730316.99797039,144239079.353658,"Both families funded",0.00503773221348719
"El Salvador",2020,FALSE,TRUE,0,2789300.41346252,"Social only",NA
"El Salvador",2021,TRUE,TRUE,42500000,14029200,"Both families funded",0.751823836176702
"Equatorial Guinea",2013,FALSE,TRUE,0,438640574.14688,"Social only",NA
"Equatorial Guinea",2014,FALSE,TRUE,0,110709.523140848,"Social only",NA
"Equatorial Guinea",2015,TRUE,FALSE,483700770.488527,0,"Strategic only",NA
"Equatorial Guinea",2016,TRUE,TRUE,350454019.973433,23100532.2224833,"Both families funded",0.938160217599576
"Equatorial Guinea",2017,TRUE,TRUE,541012835.484382,201897191.91591,"Both families funded",0.728234665747586
"Equatorial Guinea",2018,FALSE,TRUE,0,2206900.64881419,"Social only",NA
"Equatorial Guinea",2019,TRUE,TRUE,107467886.933818,620621163.961143,"Both families funded",0.147602668659445
"Equatorial Guinea",2020,FALSE,TRUE,0,2242720.38449413,"Social only",NA
"Equatorial Guinea",2021,TRUE,TRUE,6439074.35,5760000,"Both families funded",0.527833027757553
"Eritrea",2013,TRUE,FALSE,120699911.084312,0,"Strategic only",NA
"Eritrea",2014,TRUE,TRUE,109159589.816876,32342269.2584425,"Both families funded",0.771435729044186
"Eritrea",2015,TRUE,TRUE,108299592.464368,1071323.64844344,"Both families funded",0.990204675186789
"Eritrea",2016,TRUE,FALSE,44424100.4278526,0,"Strategic only",NA
"Eritrea",2017,FALSE,TRUE,0,682114.564101332,"Social only",NA
"Eritrea",2018,TRUE,FALSE,1762940952.16855,0,"Strategic only",NA
"Ethiopia",2013,TRUE,FALSE,5585845961.77583,0,"Strategic only",NA
"Ethiopia",2014,TRUE,TRUE,888364050.048489,50786446.4059887,"Both families funded",0.945922994666222
"Ethiopia",2015,TRUE,TRUE,779133513.725139,44779459.1131763,"Both families funded",0.945650256047171
"Ethiopia",2016,TRUE,TRUE,793108001.614839,164152238.995021,"Both families funded",0.8285186911237
"Ethiopia",2017,TRUE,TRUE,969728641.65255,24008.9499981006,"Both families funded",0.999975242191931
"Ethiopia",2018,TRUE,TRUE,2807452950.53547,265300441.17364,"Both families funded",0.913660353645863
"Ethiopia",2019,FALSE,TRUE,0,9808858.65585321,"Social only",NA
"Ethiopia",2020,FALSE,TRUE,0,7435602.05263134,"Social only",NA
"Ethiopia",2021,FALSE,TRUE,0,67302799.9909742,"Social only",NA
"Fiji",2013,TRUE,TRUE,9172987.82110803,8095546.47686392,"Both families funded",0.531196664570735
"Fiji",2014,FALSE,TRUE,0,1687047.27167156,"Social only",NA
"Fiji",2015,TRUE,TRUE,16248408.6680589,1399434.47616866,"Both families funded",0.920702237393446
"Fiji",2016,FALSE,TRUE,0,415809.267735085,"Social only",NA
"Fiji",2017,TRUE,TRUE,9784469.62165662,14449902.9307023,"Both families funded",0.403743468105767
"Fiji",2018,FALSE,TRUE,0,24625.1550533187,"Social only",NA
"Fiji",2019,TRUE,TRUE,15704286.489487,22471.2922452427,"Both families funded",0.998571142726485
"Fiji",2020,FALSE,TRUE,0,1919641.87937778,"Social only",NA
"Fiji",2021,FALSE,TRUE,0,1119099.19,"Social only",NA
"Gabon",2013,TRUE,FALSE,751631115.666627,0,"Strategic only",NA
"Gabon",2015,TRUE,TRUE,191739856.610509,209080960.388351,"Both families funded",0.478368010040392
"Gabon",2016,TRUE,TRUE,182300616.308084,110911137.188635,"Both families funded",0.621737069316096
"Gabon",2018,FALSE,TRUE,0,63538498.2464056,"Social only",NA
"Gabon",2019,FALSE,TRUE,0,40481355.4047153,"Social only",NA
"Gabon",2020,TRUE,TRUE,56906652.6705097,72147.6703542259,"Both families funded",0.998733780460055
"Gabon",2021,TRUE,TRUE,11764705.8823529,14400000,"Both families funded",0.449640287769783
"Gambia",2016,FALSE,TRUE,0,53308920.5134231,"Social only",NA
"Gambia",2017,TRUE,TRUE,98749725.4449498,119370.048717733,"Both families funded",0.998792645486219
"Gambia",2018,FALSE,TRUE,0,315677.910875354,"Social only",NA
"Gambia",2019,FALSE,TRUE,0,381796.04427828,"Social only",NA
"Gambia",2020,FALSE,TRUE,0,327343.850071204,"Social only",NA
"Gambia",2021,FALSE,TRUE,0,9424322.09710982,"Social only",NA
"Georgia",2014,FALSE,TRUE,0,5390378.20974042,"Social only",NA
"Georgia",2016,FALSE,TRUE,0,10661784.1026846,"Social only",NA
"Georgia",2017,FALSE,TRUE,0,8526432.05126664,"Social only",NA
"Georgia",2020,FALSE,TRUE,0,1121080.98299647,"Social only",NA
"Ghana",2013,FALSE,TRUE,0,177057560.403343,"Social only",NA
"Ghana",2014,TRUE,TRUE,191663624.923136,927285.431931238,"Both families funded",0.995185206663068
"Ghana",2015,FALSE,TRUE,0,23923735.4758644,"Social only",NA
"Ghana",2016,TRUE,TRUE,832387736.227003,1322693.74120072,"Both families funded",0.998413485433724
"Ghana",2017,TRUE,TRUE,110965896.260586,17052864.1025332,"Both families funded",0.866794022577913
"Ghana",2018,TRUE,TRUE,702648509.283756,132192915.920095,"Both families funded",0.841655059357152
"Ghana",2019,TRUE,TRUE,391339918.430847,338735525.906326,"Both families funded",0.53602668253846
"Ghana",2020,TRUE,TRUE,378579845.667743,311196569.879425,"Both families funded",0.548844287996471
"Ghana",2021,FALSE,TRUE,0,1000000,"Social only",NA
"Grenada",2014,FALSE,TRUE,0,233793.04968315,"Social only",NA
"Grenada",2016,FALSE,TRUE,0,9213.81757872112,"Social only",NA
"Grenada",2017,TRUE,TRUE,78613703.5126785,64442773.4434733,"Both families funded",0.549529145309334
"Grenada",2019,TRUE,TRUE,55179506.5133184,133163.213305142,"Both families funded",0.997592536864279
"Grenada",2020,TRUE,TRUE,620465.001326332,549899.723547155,"Both families funded",0.530146703963077
"Grenada",2021,FALSE,TRUE,0,828114.5,"Social only",NA
"Guinea",2013,TRUE,FALSE,377497432.190328,0,"Strategic only",NA
"Guinea",2014,FALSE,TRUE,0,5535476.15704244,"Social only",NA
"Guinea",2015,TRUE,TRUE,87609924.8579158,17956.4091132632,"Both families funded",0.999795083381526
"Guinea",2017,FALSE,TRUE,0,22595044.9358565,"Social only",NA
"Guinea",2018,TRUE,TRUE,1943378672.61806,277911685.709062,"Both families funded",0.874887276817624
"Guinea",2019,FALSE,TRUE,0,33706938.3678641,"Social only",NA
"Guinea",2020,TRUE,TRUE,926974711.981541,551270.74437842,"Both families funded",0.999405654661276
"Guinea",2021,FALSE,TRUE,0,9000000,"Social only",NA
"Guinea-Bissau",2013,TRUE,TRUE,2538082.24242712,5151833.17677515,"Both families funded",0.330053336619197
"Guinea-Bissau",2014,FALSE,TRUE,0,179679.273658014,"Social only",NA
"Guinea-Bissau",2015,FALSE,TRUE,0,1713358.25475294,"Social only",NA
"Guinea-Bissau",2016,FALSE,TRUE,0,14169.6541003016,"Social only",NA
"Guinea-Bissau",2018,TRUE,FALSE,17982520.8399981,0,"Strategic only",NA
"Guinea-Bissau",2020,FALSE,TRUE,0,334336.325034691,"Social only",NA
"Guinea-Bissau",2021,FALSE,TRUE,0,7200000,"Social only",NA
"Guyana",2014,FALSE,TRUE,0,80438.3410045865,"Social only",NA
"Guyana",2015,TRUE,TRUE,48209564.1799549,452171.076944159,"Both families funded",0.990707871912972
"Guyana",2016,FALSE,TRUE,0,495937.893510556,"Social only",NA
"Guyana",2017,TRUE,TRUE,53518521.1178853,3606594.14126961,"Both families funded",0.936865000185858
"Guyana",2018,FALSE,TRUE,0,12335258.9133635,"Social only",NA
"Guyana",2019,FALSE,TRUE,0,38209061.7691985,"Social only",NA
"Guyana",2020,FALSE,TRUE,0,32379639.9335348,"Social only",NA
"Guyana",2021,TRUE,TRUE,210000000,489496.402877698,"Both families funded",0.997674485372226
"Haiti",2016,FALSE,TRUE,0,70848.270501508,"Social only",NA
"Honduras",2013,TRUE,FALSE,335838967.980348,0,"Strategic only",NA
"India",2013,TRUE,FALSE,714430669.963908,0,"Strategic only",NA
"India",2015,TRUE,FALSE,16834133.5436842,0,"Strategic only",NA
"India",2016,TRUE,FALSE,530688970.191545,0,"Strategic only",NA
"India",2018,FALSE,TRUE,0,95590.8297232795,"Social only",NA
"India",2020,TRUE,FALSE,101530636.580682,0,"Strategic only",NA
"Indonesia",2013,TRUE,FALSE,3910630331.12071,0,"Strategic only",NA
"Indonesia",2014,TRUE,FALSE,1350647689.92369,0,"Strategic only",NA
"Indonesia",2015,TRUE,TRUE,2123054135.62974,305489803.292756,"Both families funded",0.874208657131278
"Indonesia",2016,TRUE,TRUE,4747741817.00582,1776964.0171141,"Both families funded",0.999625864408787
"Indonesia",2017,TRUE,FALSE,6742193037.66277,0,"Strategic only",NA
"Indonesia",2018,TRUE,FALSE,2114885113.79739,0,"Strategic only",NA
"Indonesia",2019,TRUE,FALSE,1549834329.3438,0,"Strategic only",NA
"Indonesia",2020,TRUE,TRUE,464337123.275195,3996991.45855238,"Both families funded",0.991465512904554
"Indonesia",2021,TRUE,TRUE,686666663.999996,75944125.0790698,"Both families funded",0.90041561676464
"Iran",2013,TRUE,FALSE,134044583.496718,0,"Strategic only",NA
"Iran",2014,TRUE,TRUE,3896127252.18173,215622788.462682,"Both families funded",0.947559363693983
"Iran",2015,TRUE,FALSE,1144721080.97053,0,"Strategic only",NA
"Iran",2016,TRUE,FALSE,1663922781.34721,0,"Strategic only",NA
"Iran",2017,TRUE,TRUE,3413247915.28948,377966915.502879,"Both families funded",0.9003045376292
"Iran",2018,TRUE,FALSE,3580815345.51452,0,"Strategic only",NA
"Iran",2019,TRUE,FALSE,3062368267.26263,0,"Strategic only",NA
"Iran",2020,FALSE,TRUE,0,399995.172405045,"Social only",NA
"Iran",2021,FALSE,TRUE,0,45000000,"Social only",NA
"Iraq",2013,TRUE,FALSE,465879096.054401,0,"Strategic only",NA
"Iraq",2014,TRUE,FALSE,393018807.150013,0,"Strategic only",NA
"Iraq",2016,TRUE,FALSE,1285718988.92612,0,"Strategic only",NA
"Iraq",2018,TRUE,FALSE,760392528.493944,0,"Strategic only",NA
"Iraq",2019,TRUE,TRUE,1273373225.73234,528075.367763205,"Both families funded",0.999585466026836
"Iraq",2020,TRUE,FALSE,1261760467.13576,0,"Strategic only",NA
"Iraq",2021,TRUE,TRUE,756950000,1647400000,"Both families funded",0.314825212635432
"Israel",2014,TRUE,FALSE,2007990896.04204,0,"Strategic only",NA
"Israel",2015,FALSE,TRUE,0,448910227.83158,"Social only",NA
"Israel",2020,TRUE,FALSE,140009276.386246,0,"Strategic only",NA
"Jamaica",2013,TRUE,TRUE,855082469.898156,7485443.46639774,"Both families funded",0.99132190828059
"Jamaica",2014,TRUE,TRUE,22870337.8633891,8998191.76143082,"Both families funded",0.717646472323504
"Jamaica",2015,FALSE,TRUE,0,448910.22783158,"Social only",NA
"Jamaica",2016,TRUE,TRUE,203638777.705733,6140183.44346403,"Both families funded",0.970730222850627
"Jamaica",2017,TRUE,TRUE,376123174.451645,2650377.76114824,"Both families funded",0.99300273805902
"Jamaica",2018,FALSE,TRUE,0,45011395.0956435,"Social only",NA
"Jamaica",2020,FALSE,TRUE,0,135311.191146886,"Social only",NA
"Jamaica",2021,FALSE,TRUE,0,1950155.25899993,"Social only",NA
"Jordan",2016,TRUE,TRUE,153504586.086601,3553928.0342282,"Both families funded",0.977371949211909
"Jordan",2017,TRUE,FALSE,1830001525.09697,0,"Strategic only",NA
"Jordan",2019,FALSE,TRUE,0,112356.461226213,"Social only",NA
"Jordan",2020,FALSE,TRUE,0,1177816.30271775,"Social only",NA
"Jordan",2021,FALSE,TRUE,0,12600000,"Social only",NA
"Kazakhstan",2013,TRUE,TRUE,789625586.532884,107325571.310584,"Both families funded",0.880344018320211
"Kazakhstan",2014,TRUE,TRUE,221419046.281697,70521.9662407207,"Both families funded",0.999681601409951
"Kazakhstan",2015,TRUE,TRUE,1638713900.05285,71488.9537821792,"Both families funded",0.999956376866512
"Kazakhstan",2016,TRUE,TRUE,2715850369.22447,75217.2471824343,"Both families funded",0.999972305114854
"Kazakhstan",2017,TRUE,TRUE,4087384597.55833,19893620.2413629,"Both families funded",0.995156495570436
"Kazakhstan",2018,TRUE,TRUE,792552151.61792,31585.2465265919,"Both families funded",0.999960149010057
"Kazakhstan",2019,TRUE,TRUE,2471056918.12663,69708353.0610909,"Both families funded",0.972564032635528
"Kazakhstan",2020,TRUE,TRUE,827900580.318235,1459761.80397044,"Both families funded",0.998239894374217
"Kazakhstan",2021,TRUE,FALSE,637000000,0,"Strategic only",NA
"Kenya",2013,TRUE,TRUE,298665125.018923,91188441.8525892,"Both families funded",0.766095658469009
"Kenya",2014,TRUE,TRUE,3997191098.74444,58876248.4406739,"Both families funded",0.985484400676549
"Kenya",2015,TRUE,TRUE,1723718364.23349,2447884.93870196,"Both families funded",0.998581895029013
"Kenya",2016,TRUE,TRUE,229950576.621994,720054589.191474,"Both families funded",0.24205192234412
"Kenya",2017,TRUE,TRUE,1415627385.72939,464159504.971734,"Both families funded",0.753078656273312
"Kenya",2018,TRUE,TRUE,196133419.371748,186584655.737859,"Both families funded",0.512474931620559
"Kenya",2019,TRUE,TRUE,562905870.743331,99607554.4487465,"Both families funded",0.849652021134714
"Kenya",2020,TRUE,TRUE,39533491.6185994,868785.184263042,"Both families funded",0.978496628086032
"Kenya",2021,TRUE,TRUE,18241517.6942721,3603500,"Both families funded",0.835042477400013
"Kiribati",2019,FALSE,TRUE,0,280891.153065534,"Social only",NA
"Kiribati",2020,FALSE,TRUE,0,3435044.01475669,"Social only",NA
"Kiribati",2021,TRUE,TRUE,6986466.16541352,12218272.9323308,"Both families funded",0.363788652886938
"Kyrgyzstan",2013,TRUE,FALSE,1225035333.52558,0,"Strategic only",NA
"Kyrgyzstan",2014,TRUE,FALSE,9433161.86704574,0,"Strategic only",NA
"Kyrgyzstan",2015,TRUE,FALSE,332458725.089987,0,"Strategic only",NA
"Kyrgyzstan",2016,TRUE,FALSE,86982388.6377354,0,"Strategic only",NA
"Kyrgyzstan",2017,TRUE,TRUE,224991524.29422,170528.641025333,"Both families funded",0.999242640405866
"Kyrgyzstan",2018,TRUE,TRUE,88189801.8913944,7367384.29565985,"Both families funded",0.922900782352066
"Kyrgyzstan",2020,FALSE,TRUE,0,10419043.7502403,"Social only",NA
"Kyrgyzstan",2021,FALSE,TRUE,0,42233356.9596848,"Social only",NA
"Laos",2013,TRUE,TRUE,821483095.773085,146393934.000735,"Both families funded",0.848747382676346
"Laos",2014,TRUE,TRUE,2550834112.70521,64805657.9540926,"Both families funded",0.975223783228469
"Laos",2015,TRUE,TRUE,1517150394.39799,10970354.1600608,"Both families funded",0.992821016159611
"Laos",2016,TRUE,TRUE,4402779571.5871,181130749.046507,"Both families funded",0.960485538246422
"Laos",2017,TRUE,TRUE,1028457607.41773,112741600.441078,"Both families funded",0.901207782423359
"Laos",2018,TRUE,TRUE,543691780.72974,27246.2436969669,"Both families funded",0.999949889111204
"Laos",2019,TRUE,TRUE,3977418727.40797,35752609.5661817,"Both families funded",0.991091182866581
"Laos",2020,TRUE,TRUE,96047982.2053162,1784018.31622333,"Both families funded",0.98176447065671
"Laos",2021,FALSE,TRUE,0,125775571.50493,"Social only",NA
"Lebanon",2013,TRUE,TRUE,5391864.91548717,18345975.6422161,"Both families funded",0.227142182642112
"Lebanon",2014,FALSE,TRUE,0,2156151.28389616,"Social only",NA
"Lebanon",2015,FALSE,TRUE,0,3571078.82814481,"Social only",NA
"Lebanon",2017,FALSE,TRUE,0,17052864.1025332,"Social only",NA
"Lebanon",2019,TRUE,TRUE,289879669.963632,34851063.2812992,"Both families funded",0.892677040657521
"Lebanon",2020,FALSE,TRUE,0,306795.124555818,"Social only",NA
"Lebanon",2021,FALSE,TRUE,0,7042000,"Social only",NA
"Lesotho",2014,TRUE,FALSE,13889207.8537644,0,"Strategic only",NA
"Lesotho",2016,FALSE,TRUE,0,33723.3036814691,"Social only",NA
"Lesotho",2017,FALSE,TRUE,0,49592.7061679161,"Social only",NA
"Lesotho",2018,TRUE,TRUE,115348017.901583,70903544.4604636,"Both families funded",0.619313021800928
"Lesotho",2020,TRUE,TRUE,77935799.514425,1747301.79115889,"Both families funded",0.978071865144179
"Lesotho",2021,FALSE,TRUE,0,4160119.99999999,"Social only",NA
"Liberia",2013,FALSE,TRUE,0,21263489.0087784,"Social only",NA
"Liberia",2014,TRUE,TRUE,4428380.92563395,22141.9046281697,"Both families funded",0.995024875621891
"Liberia",2015,TRUE,TRUE,1122275.56957895,18068636.670221,"Both families funded",0.0584795321637429
"Liberia",2016,TRUE,TRUE,62193740.5989936,5501480.59698525,"Both families funded",0.918731625367493
"Liberia",2017,FALSE,TRUE,0,11523.3815702097,"Social only",NA
"Liberia",2018,FALSE,TRUE,0,21796994.9575735,"Social only",NA
"Liberia",2019,TRUE,TRUE,42819358.0315306,25841.9860820291,"Both families funded",0.999396852247827
"Liberia",2020,FALSE,TRUE,0,5104855.32306734,"Social only",NA
"Liberia",2021,FALSE,TRUE,0,6940671.77984496,"Social only",NA
"Libya",2018,FALSE,TRUE,0,6539098.48727206,"Social only",NA
"Libya",2020,FALSE,TRUE,0,4199025.48502135,"Social only",NA
"Madagascar",2013,FALSE,TRUE,0,22015170.7706592,"Social only",NA
"Madagascar",2015,FALSE,TRUE,0,4235921.19549553,"Social only",NA
"Madagascar",2016,TRUE,TRUE,143700.3662537,118080.450835846,"Both families funded",0.548933905285142
"Madagascar",2017,TRUE,TRUE,153688944.086495,41414846.7204252,"Both families funded",0.787729154061336
"Madagascar",2018,TRUE,TRUE,111684063.168882,656703.447939635,"Both families funded",0.994154362056478
"Madagascar",2019,TRUE,TRUE,178345816.791625,865144.751441847,"Both families funded",0.995172478602912
"Madagascar",2020,FALSE,TRUE,0,283676.598606399,"Social only",NA
"Madagascar",2021,FALSE,TRUE,0,5641860.46511628,"Social only",NA
"Malawi",2013,FALSE,TRUE,0,81530519.3913423,"Social only",NA
"Malawi",2014,TRUE,TRUE,13122499.8037506,446164.99332752,"Both families funded",0.967117988394584
"Malawi",2015,TRUE,TRUE,2025794.3656016,41524421.1626841,"Both families funded",0.0465162879454834
"Malawi",2016,FALSE,TRUE,0,33271112.7040922,"Social only",NA
"Malawi",2017,TRUE,TRUE,23046763.1404194,374358.598531662,"Both families funded",0.984016196888252
"Malawi",2018,TRUE,TRUE,24717432.4074821,1121529.80493625,"Both families funded",0.956595400553772
"Malawi",2019,FALSE,TRUE,0,114534.010783612,"Social only",NA
"Malawi",2020,FALSE,TRUE,0,1336104.88861236,"Social only",NA
"Malawi",2021,FALSE,TRUE,0,30565962.1356306,"Social only",NA
"Malaysia",2013,FALSE,TRUE,0,191766213.872271,"Social only",NA
"Malaysia",2015,TRUE,TRUE,2221471252.18812,56113778.4789476,"Both families funded",0.975362597785202
"Malaysia",2016,FALSE,TRUE,0,854782780.091709,"Social only",NA
"Malaysia",2017,TRUE,TRUE,1930384216.40676,164071.774026907,"Both families funded",0.999915012861874
"Malaysia",2018,TRUE,TRUE,6496242877.38136,27203537.4000792,"Both families funded",0.995829882600332
"Malaysia",2019,TRUE,TRUE,1396446954.23194,207082.678495519,"Both families funded",0.999851729438341
"Malaysia",2020,FALSE,TRUE,0,7805895.63796795,"Social only",NA
"Malaysia",2021,FALSE,TRUE,0,63258304,"Social only",NA
"Maldives",2013,TRUE,FALSE,4403034.15413185,0,"Strategic only",NA
"Maldives",2014,TRUE,TRUE,30545476.5218624,395377.83678791,"Both families funded",0.987221495818929
"Maldives",2015,TRUE,TRUE,419549815.518041,1698265.40593577,"Both families funded",0.995968491055886
"Maldives",2016,TRUE,TRUE,298726546.42914,642495.088716589,"Both families funded",0.997853835902807
"Maldives",2017,TRUE,TRUE,35666753.4897003,608607302.961323,"Both families funded",0.0553595991217934
"Maldives",2018,TRUE,TRUE,167196731.384801,22562368.5292567,"Both families funded",0.881099939136119
"Maldives",2020,FALSE,TRUE,0,437241.686434665,"Social only",NA
"Maldives",2021,TRUE,TRUE,1302083.33333333,3975875,"Both families funded",0.246702086507566
"Mali",2013,TRUE,TRUE,407414077.886035,606207.743893683,"Both families funded",0.998514270576136
"Mali",2014,TRUE,TRUE,111097917.501226,1074818.94101655,"Both families funded",0.990418180253898
"Mali",2015,FALSE,TRUE,0,15382472.55972,"Social only",NA
"Mali",2016,TRUE,FALSE,7107856.06845641,0,"Strategic only",NA
"Mali",2017,TRUE,TRUE,62754.5398973225,51158592.3075998,"Both families funded",0.00122516379907314
"Mali",2020,FALSE,TRUE,0,58633.9426253384,"Social only",NA
"Mali",2021,FALSE,TRUE,0,15434419.4470993,"Social only",NA
"Marshall Islands",2013,TRUE,FALSE,184997994.559133,0,"Strategic only",NA
"Marshall Islands",2014,TRUE,FALSE,311315179.072066,0,"Strategic only",NA
"Marshall Islands",2015,TRUE,FALSE,217250103.636817,0,"Strategic only",NA
"Marshall Islands",2016,TRUE,FALSE,886426402.011176,0,"Strategic only",NA
"Marshall Islands",2017,TRUE,FALSE,828047152.87213,0,"Strategic only",NA
"Marshall Islands",2018,TRUE,FALSE,820553047.038035,0,"Strategic only",NA
"Marshall Islands",2019,TRUE,FALSE,239208029.51522,0,"Strategic only",NA
"Marshall Islands",2020,TRUE,FALSE,150286054.389258,0,"Strategic only",NA
"Marshall Islands",2021,TRUE,FALSE,169428571,0,"Strategic only",NA
"Mauritania",2013,TRUE,TRUE,209210784.530281,18345975.642216,"Both families funded",0.919378463516931
"Mauritania",2014,FALSE,TRUE,0,49977983.1651699,"Social only",NA
"Mauritania",2015,FALSE,TRUE,0,54058991.3004561,"Social only",NA
"Mauritania",2016,TRUE,TRUE,3014563.20892194,584621.161630539,"Both families funded",0.837568431777559
"Mauritania",2017,FALSE,TRUE,0,55363501.7787434,"Social only",NA
"Mauritania",2018,TRUE,TRUE,49434864.8149642,322974.450124432,"Both families funded",0.993509074049543
"Mauritania",2019,FALSE,TRUE,0,24031712.9128532,"Social only",NA
"Mauritania",2020,FALSE,TRUE,0,298660.530565229,"Social only",NA
"Mauritania",2021,FALSE,TRUE,0,42677085.1370851,"Social only",NA
"Mauritius",2013,FALSE,TRUE,0,9365620.5653513,"Social only",NA
"Mauritius",2014,FALSE,TRUE,0,32342269.2584425,"Social only",NA
"Mauritius",2015,FALSE,TRUE,0,8927697.07036203,"Social only",NA
"Mauritius",2016,TRUE,TRUE,125092.847533228,47807439.9164377,"Both families funded",0.00260976919682525
"Mauritius",2017,TRUE,TRUE,4166966.03734929,33335.7282987943,"Both families funded",0.992063492063492
"Mauritius",2018,TRUE,TRUE,8965.41697486793,80855444.0398886,"Both families funded",0.0001108697514158
"Mauritius",2019,TRUE,TRUE,16362001.540516,216713.257303165,"Both families funded",0.986928223330576
"Mauritius",2021,FALSE,TRUE,0,1800000,"Social only",NA
"Mexico",2015,TRUE,FALSE,289412423.88302,0,"Strategic only",NA
"Mexico",2017,TRUE,TRUE,11235297.0309544,43327914.7039886,"Both families funded",0.205913410770854
"Mexico",2018,TRUE,FALSE,121627231.86326,0,"Strategic only",NA
"Mexico",2019,TRUE,FALSE,687172116.859523,0,"Strategic only",NA
"Mexico",2020,TRUE,TRUE,72578316.4480592,594660.97927739,"Both families funded",0.991873216039789
"Mexico",2021,TRUE,FALSE,373214285.72,0,"Strategic only",NA
"Micronesia",2013,TRUE,FALSE,11062623.3122562,0,"Strategic only",NA
"Micronesia",2014,FALSE,TRUE,0,221419.046281697,"Social only",NA
"Micronesia",2015,TRUE,TRUE,4473097.62934591,145895.824045263,"Both families funded",0.96841393573785
"Micronesia",2016,TRUE,TRUE,13504926.5300671,328080.545968542,"Both families funded",0.976282774658815
"Micronesia",2017,TRUE,TRUE,18032447.6114878,53353.2566700711,"Both families funded",0.997049992031926
"Micronesia",2018,FALSE,TRUE,0,217969.949575735,"Social only",NA
"Micronesia",2019,TRUE,TRUE,274149.765391962,13482775.3471456,"Both families funded",0.0199281280627247
"Micronesia",2020,TRUE,TRUE,27920925.0596848,420514.818649909,"Both families funded",0.985162545712035
"Micronesia",2021,TRUE,TRUE,25000000,150000,"Both families funded",0.99403578528827
"Moldova",2014,TRUE,TRUE,1329626.6250693,844492.586192666,"Both families funded",0.611570247933884
"Moldova",2017,TRUE,FALSE,4991373.32281149,0,"Strategic only",NA
"Moldova",2020,FALSE,TRUE,0,97230.4536141482,"Social only",NA
"Moldova",2021,FALSE,TRUE,0,2700000,"Social only",NA
"Mongolia",2013,TRUE,FALSE,85617974.3112084,0,"Strategic only",NA
"Mongolia",2014,TRUE,TRUE,83032142.3556366,108663938.370061,"Both families funded",0.433144705104583
"Mongolia",2015,TRUE,TRUE,81522471.0919797,252290124.768673,"Both families funded",0.244216282138169
"Mongolia",2016,TRUE,TRUE,297291365.373621,297486105.280291,"Both families funded",0.499836291792916
"Mongolia",2017,TRUE,TRUE,154912414.630679,374480.895691631,"Both families funded",0.997588457838491
"Mongolia",2018,TRUE,TRUE,75428260.9458852,198594398.509829,"Both families funded",0.275262859997443
"Mongolia",2019,TRUE,TRUE,126143443.422109,57958661.2298871,"Both families funded",0.685181973669203
"Mongolia",2020,FALSE,TRUE,0,280350686.333877,"Social only",NA
"Mongolia",2021,FALSE,TRUE,0,7200000,"Social only",NA
"Montenegro",2013,TRUE,FALSE,52340896.0216083,0,"Strategic only",NA
"Montenegro",2014,TRUE,FALSE,1045088488.14014,0,"Strategic only",NA
"Montenegro",2015,FALSE,TRUE,0,803492.736332583,"Social only",NA
"Montenegro",2016,TRUE,FALSE,4701387.92218187,0,"Strategic only",NA
"Montenegro",2017,TRUE,TRUE,3410572.82050666,146453.158918514,"Both families funded",0.958827076393133
"Montenegro",2018,TRUE,TRUE,44684892.8120102,681524.983895408,"Both families funded",0.984977324263039
"Montenegro",2021,FALSE,TRUE,0,540000,"Social only",NA
"Morocco",2014,TRUE,TRUE,331995717.994777,7098324.42471018,"Both families funded",0.979066797003974
"Morocco",2015,TRUE,FALSE,11121352.1087135,0,"Strategic only",NA
"Morocco",2016,TRUE,FALSE,196722031.09252,0,"Strategic only",NA
"Morocco",2018,TRUE,TRUE,261349746.489803,57359363.5887628,"Both families funded",0.820025967959865
"Morocco",2020,FALSE,TRUE,0,2062070.50004254,"Social only",NA
"Morocco",2021,FALSE,TRUE,0,9022271.71492205,"Social only",NA
"Mozambique",2013,TRUE,TRUE,120349600.212937,108800424.956818,"Both families funded",0.525200030520537
"Mozambique",2014,TRUE,FALSE,372808441.340713,0,"Strategic only",NA
"Mozambique",2015,FALSE,TRUE,0,6376161.24765256,"Social only",NA
"Mozambique",2016,FALSE,TRUE,0,5785942.09095649,"Social only",NA
"Mozambique",2017,TRUE,TRUE,2099732106.26715,91275072.9956117,"Both families funded",0.958341043397985
"Mozambique",2018,FALSE,TRUE,0,15039926.5207257,"Social only",NA
"Mozambique",2020,TRUE,TRUE,175901827.876015,146929.624145983,"Both families funded",0.999165403799309
"Mozambique",2021,FALSE,TRUE,0,27980000,"Social only",NA
"Myanmar",2013,TRUE,TRUE,237085082.356498,50761.6448485425,"Both families funded",0.999785938540577
"Myanmar",2014,TRUE,TRUE,110709523.140848,44836072.2099993,"Both families funded",0.711749650584014
"Myanmar",2015,TRUE,TRUE,5712833.35532466,47695310.9733079,"Both families funded",0.106965584128373
"Myanmar",2016,TRUE,TRUE,102440695.122638,29274396.3129501,"Both families funded",0.777744554599759
"Myanmar",2017,TRUE,TRUE,314588316.866726,9570790.37773177,"Both families funded",0.970475022407702
"Myanmar",2018,TRUE,TRUE,23135969.4319041,34593844.5693229,"Both families funded",0.400762930422959
"Myanmar",2019,TRUE,TRUE,13089601.2324128,1457771.97194082,"Both families funded",0.899791395225596
"Myanmar",2020,TRUE,TRUE,48023991.1026581,14471257.2430443,"Both families funded",0.768442279595494
"Myanmar",2021,TRUE,TRUE,126000000,165769570.36169,"Both families funded",0.431847638682146
"Namibia",2013,TRUE,TRUE,117761887.638511,33122.2291184889,"Both families funded",0.999718814666634
"Namibia",2014,TRUE,TRUE,154993332.397188,215350.20088126,"Both families funded",0.998612511895105
"Namibia",2016,FALSE,TRUE,0,16402225.8336861,"Social only",NA
"Namibia",2017,TRUE,TRUE,34105728.2050665,28569.4928404992,"Both families funded",0.999163026786333
"Namibia",2018,TRUE,TRUE,73657948.5742966,29166431.0521564,"Both families funded",0.716347123531267
"Namibia",2019,FALSE,TRUE,0,7819.87436590678,"Social only",NA
"Namibia",2020,FALSE,TRUE,0,851277.885436815,"Social only",NA
"Namibia",2021,FALSE,TRUE,0,10001488.4979702,"Social only",NA
"Nauru",2020,FALSE,TRUE,0,16462.1774151902,"Social only",NA
"Nepal",2013,TRUE,TRUE,73163750.8611576,49350674.4775611,"Both families funded",0.597184785864032
"Nepal",2014,TRUE,TRUE,566609.835945886,22141.9046281697,"Both families funded",0.962391780605896
"Nepal",2015,TRUE,FALSE,8312710.12459122,0,"Strategic only",NA
"Nepal",2016,TRUE,TRUE,251156094.178907,17207984.1158323,"Both families funded",0.935878213562796
"Nepal",2017,TRUE,TRUE,170528641.025332,1534757.76922799,"Both families funded",0.991080277502478
"Nepal",2018,TRUE,TRUE,229160747.256525,9948017.14516142,"Both families funded",0.958395430756986
"Nepal",2019,TRUE,TRUE,71834095.3633278,11235.6461226213,"Both families funded",0.999843613412803
"Nepal",2020,FALSE,TRUE,0,2543777.42713629,"Social only",NA
"Nepal",2021,TRUE,TRUE,7800000,141086663.803101,"Both families funded",0.0523888426321065
"Niger",2013,TRUE,TRUE,84852927.5846847,57037638.2716497,"Both families funded",0.598016697393392
"Niger",2014,TRUE,FALSE,4981928.54133819,0,"Strategic only",NA
"Niger",2015,TRUE,FALSE,109706640.879302,0,"Strategic only",NA
"Niger",2016,FALSE,TRUE,0,10102040.4372937,"Social only",NA
"Niger",2017,FALSE,TRUE,0,534562.311900869,"Social only",NA
"Niger",2018,FALSE,TRUE,0,82391.4413582736,"Social only",NA
"Niger",2019,TRUE,FALSE,1168507196.75262,0,"Strategic only",NA
"Niger",2020,FALSE,TRUE,0,1970440.41132456,"Social only",NA
"Niger",2021,FALSE,TRUE,0,14400000,"Social only",NA
"Nigeria",2013,TRUE,TRUE,1675495251.6986,14167.3269690132,"Both families funded",0.999991544465935
"Nigeria",2014,FALSE,TRUE,0,269518.910487021,"Social only",NA
"Nigeria",2015,FALSE,TRUE,0,146498.734529598,"Social only",NA
"Nigeria",2016,TRUE,FALSE,213235.682053692,0,"Strategic only",NA
"Nigeria",2017,TRUE,TRUE,1991401692.86547,49250349.8172295,"Both families funded",0.975865385775184
"Nigeria",2018,TRUE,TRUE,253936135.478083,415463791.280009,"Both families funded",0.379348914344669
"Nigeria",2019,TRUE,TRUE,1274264084.82169,78589702.5820594,"Both families funded",0.941908206700681
"Nigeria",2020,TRUE,TRUE,2872871963.92171,2247069.62706394,"Both families funded",0.999218442923287
"Nigeria",2021,TRUE,TRUE,50000000,8472280.18469398,"Both families funded",0.855106040709667
"Niue",2017,TRUE,FALSE,15971406.8563106,0,"Strategic only",NA
"Niue",2018,FALSE,TRUE,0,21796.9949575735,"Social only",NA
"North Korea",2013,TRUE,FALSE,405074203.370747,0,"Strategic only",NA
"North Korea",2014,TRUE,FALSE,423243859.042142,0,"Strategic only",NA
"North Korea",2015,TRUE,FALSE,224607280.548375,0,"Strategic only",NA
"North Korea",2016,TRUE,FALSE,187343904.566461,0,"Strategic only",NA
"North Korea",2017,TRUE,FALSE,214544622.750478,0,"Strategic only",NA
"North Korea",2018,TRUE,FALSE,272455870.624938,0,"Strategic only",NA
"North Korea",2019,TRUE,FALSE,233716607.47279,0,"Strategic only",NA
"North Macedonia",2013,TRUE,FALSE,883725311.628312,0,"Strategic only",NA
"North Macedonia",2014,FALSE,TRUE,0,16562587.1292334,"Social only",NA
"North Macedonia",2019,TRUE,TRUE,201898462.687809,5010044.87170603,"Both families funded",0.975786182352773
"North Macedonia",2020,FALSE,TRUE,0,474071.227112561,"Social only",NA
"North Macedonia",2021,FALSE,TRUE,0,5474010.75681905,"Social only",NA
"Oman",2015,TRUE,FALSE,20842259.9365945,0,"Strategic only",NA
"Oman",2016,TRUE,FALSE,537266051.303102,0,"Strategic only",NA
"Oman",2018,TRUE,FALSE,186037351.96289,0,"Strategic only",NA
"Oman",2019,FALSE,TRUE,0,252802037.758981,"Social only",NA
"Oman",2020,FALSE,TRUE,0,78178.5901671179,"Social only",NA
"Oman",2021,FALSE,TRUE,0,1800000,"Social only",NA
"Pakistan",2013,TRUE,FALSE,626961324.838041,0,"Strategic only",NA
"Pakistan",2014,TRUE,FALSE,907546685.517836,0,"Strategic only",NA
"Pakistan",2015,TRUE,TRUE,12152417543.1476,44711310.0271169,"Both families funded",0.996334275831195
"Pakistan",2016,TRUE,TRUE,5877705864.0994,50387644.0518989,"Both families funded",0.991500194120991
"Pakistan",2017,TRUE,TRUE,6922231675.65442,41109339.4919769,"Both families funded",0.994096319654235
"Pakistan",2018,TRUE,TRUE,1586821232.91135,47537125.7340092,"Both families funded",0.970913890773985
"Pakistan",2019,TRUE,TRUE,294373928.41268,30462981.4552793,"Both families funded",0.906220689429468
"Pakistan",2020,TRUE,TRUE,1307989602.34906,23385993.7400891,"Both families funded",0.982434713533293
"Pakistan",2021,TRUE,TRUE,1709655813.95349,85009205.2776925,"Both families funded",0.952632271556666
"Panama",2013,TRUE,FALSE,66663237.713797,0,"Strategic only",NA
"Panama",2014,TRUE,FALSE,11070952.3140848,0,"Strategic only",NA
"Panama",2015,FALSE,TRUE,0,56113778.4789476,"Social only",NA
"Panama",2018,TRUE,TRUE,16313505.3889381,11864367.5555914,"Both families funded",0.578947368421051
"Panama",2020,FALSE,TRUE,0,1933262.62000929,"Social only",NA
"Papua New Guinea",2013,TRUE,TRUE,135364386.26278,116259827.798635,"Both families funded",0.537962480152014
"Papua New Guinea",2014,TRUE,TRUE,127572284.29719,39126101.2846444,"Both families funded",0.765288061140599
"Papua New Guinea",2016,FALSE,TRUE,0,826563.155850927,"Social only",NA
"Papua New Guinea",2017,TRUE,TRUE,454021233.866263,182693498.108605,"Both families funded",0.713068523572632
"Papua New Guinea",2018,TRUE,TRUE,188250489.959584,3806711.46214931,"Both families funded",0.980179282870054
"Papua New Guinea",2019,FALSE,TRUE,0,1096551.89145698,"Social only",NA
"Papua New Guinea",2020,FALSE,TRUE,0,900867.530213732,"Social only",NA
"Papua New Guinea",2021,FALSE,TRUE,0,4164325.08547009,"Social only",NA
"Paraguay",2015,TRUE,FALSE,56113778.4789476,0,"Strategic only",NA
"Paraguay",2018,TRUE,FALSE,3269549.24363603,0,"Strategic only",NA
"Peru",2013,TRUE,FALSE,496336082.963526,0,"Strategic only",NA
"Peru",2014,TRUE,TRUE,7943408285.35589,3593585.47316028,"Both families funded",0.999547806137261
"Peru",2015,TRUE,FALSE,170585886.576001,0,"Strategic only",NA
"Peru",2016,TRUE,TRUE,33447203.1867838,14038015.7352014,"Both families funded",0.70437083256866
"Peru",2017,TRUE,TRUE,589769592.687321,14472148.8172194,"Both families funded",0.976049074694535
"Peru",2019,TRUE,FALSE,1029934227.15792,0,"Strategic only",NA
"Peru",2020,TRUE,TRUE,918040015.962439,9614895.5438702,"Both families funded",0.989635266924575
"Peru",2021,TRUE,TRUE,333333333,38720333.5936083,"Both families funded",0.895928095674697
"Philippines",2016,TRUE,TRUE,2225816498.2557,11370548.2362243,"Both families funded",0.99491747985308
"Philippines",2017,TRUE,TRUE,351463137.891397,9217834.94547923,"Both families funded",0.974443245860801
"Philippines",2018,TRUE,TRUE,394272181.260539,9362481.3004467,"Both families funded",0.976804565690559
"Philippines",2019,TRUE,TRUE,285059101.344396,314793368.843802,"Both families funded",0.475215349625819
"Philippines",2020,TRUE,TRUE,6576881.33429121,6989994.9241986,"Both families funded",0.484774918631366
"Philippines",2021,TRUE,TRUE,16237061.0919423,127336380.532779,"Both families funded",0.113092372156011
"Romania",2013,TRUE,FALSE,210138458.370838,0,"Strategic only",NA
"Romania",2014,TRUE,FALSE,63629286.0776798,0,"Strategic only",NA
"Romania",2015,TRUE,FALSE,53521175.4021142,0,"Strategic only",NA
"Romania",2020,FALSE,TRUE,0,30243.9460246506,"Social only",NA
"Russia",2013,TRUE,FALSE,43000523181.6465,0,"Strategic only",NA
"Russia",2014,TRUE,FALSE,1549933323.97188,0,"Strategic only",NA
"Russia",2015,TRUE,FALSE,3668566914.44557,0,"Strategic only",NA
"Russia",2016,TRUE,FALSE,18990410675.3336,0,"Strategic only",NA
"Russia",2017,TRUE,FALSE,4031884140.89143,0,"Strategic only",NA
"Russia",2018,TRUE,FALSE,2636526123.46475,0,"Strategic only",NA
"Russia",2019,TRUE,FALSE,1017482990.23455,0,"Strategic only",NA
"Russia",2020,TRUE,TRUE,4315052054.66589,395370.127010759,"Both families funded",0.99990838258746
"Russia",2021,TRUE,TRUE,7541176470.58823,3120,"Both families funded",0.999999586271622
"Rwanda",2013,TRUE,TRUE,724542.389617739,1868479.74504724,"Both families funded",0.279420055822759
"Rwanda",2014,TRUE,TRUE,13285142.7769018,29347712.6419454,"Both families funded",0.311617475451308
"Rwanda",2016,TRUE,TRUE,86715844.0351682,49593789.3510556,"Both families funded",0.636168126059476
"Rwanda",2017,FALSE,TRUE,0,45485091.7339318,"Social only",NA
"Rwanda",2018,TRUE,TRUE,140942246.091295,18360380.1092715,"Both families funded",0.884745276665086
"Rwanda",2019,TRUE,FALSE,49086004.6215482,0,"Strategic only",NA
"Rwanda",2020,TRUE,TRUE,242628792.257784,7137671.5865804,"Both families funded",0.971422618246187
"Rwanda",2021,FALSE,TRUE,0,9052890.51663058,"Social only",NA
"Samoa",2013,FALSE,TRUE,0,1466447.51784678,"Social only",NA
"Samoa",2014,TRUE,TRUE,61179520.6622375,11580216.1205328,"Both families funded",0.84084307293323
"Samoa",2015,FALSE,TRUE,0,275605.931698519,"Social only",NA
"Samoa",2016,FALSE,TRUE,0,17787534.3760263,"Social only",NA
"Samoa",2017,TRUE,TRUE,14753042.6310693,16665723.0869576,"Both families funded",0.469561495937587
"Samoa",2018,FALSE,TRUE,0,527939.136568319,"Social only",NA
"Samoa",2019,FALSE,TRUE,0,163620.015405161,"Social only",NA
"Samoa",2020,FALSE,TRUE,0,761162.631762379,"Social only",NA
"Samoa",2021,FALSE,TRUE,0,277776.393700787,"Social only",NA
"Sao Tome and Principe",2019,FALSE,TRUE,0,163586.453298507,"Social only",NA
"Sao Tome and Principe",2020,FALSE,TRUE,0,1174521.6335607,"Social only",NA
"Sao Tome and Principe",2021,FALSE,TRUE,0,1886912.77144548,"Social only",NA
"Senegal",2013,TRUE,TRUE,175633655.507298,1643949.33189022,"Both families funded",0.990726694816407
"Senegal",2014,FALSE,TRUE,0,55499011.408443,"Social only",NA
"Senegal",2015,TRUE,FALSE,1224226976.61573,0,"Strategic only",NA
"Senegal",2016,TRUE,TRUE,83369914.7160425,43720739.947319,"Both families funded",0.655987766660525
"Senegal",2017,TRUE,TRUE,5471354.53278153,109414567.895237,"Both families funded",0.0476242381760008
"Senegal",2018,TRUE,TRUE,87152930.5761975,99611629.9675776,"Both families funded",0.466645975673581
"Senegal",2019,TRUE,TRUE,112356461.226213,168628857.397297,"Both families funded",0.399865949497378
"Senegal",2020,FALSE,TRUE,0,1629636.2118331,"Social only",NA
"Senegal",2021,TRUE,TRUE,619961775.9,14400000,"Both families funded",0.97730001940995
"Serbia",2013,TRUE,FALSE,339539002.20914,0,"Strategic only",NA
"Serbia",2014,TRUE,TRUE,673401745.456527,232892.981260015,"Both families funded",0.999654274041192
"Serbia",2015,FALSE,TRUE,0,1795640.91132632,"Social only",NA
"Serbia",2016,TRUE,TRUE,1044353811.95543,131835.642553714,"Both families funded",0.999873779364171
"Serbia",2017,TRUE,TRUE,342979807.601175,140381.291302766,"Both families funded",0.999590868459953
"Serbia",2018,TRUE,TRUE,236768285.031271,83641.3907807472,"Both families funded",0.999646862104758
"Serbia",2019,TRUE,TRUE,1610504594.2235,14764505.2734406,"Both families funded",0.990915654965685
"Serbia",2020,FALSE,TRUE,0,211400309.025448,"Social only",NA
"Serbia",2021,TRUE,TRUE,284823529.411765,13776470.5882353,"Both families funded",0.953863125960364
"Seychelles",2013,FALSE,TRUE,0,5607472.62239184,"Social only",NA
"Seychelles",2016,FALSE,TRUE,0,31081.3979299801,"Social only",NA
"Seychelles",2017,TRUE,TRUE,5044430.23147052,8311938.53920117,"Both families funded",0.377679765966572
"Seychelles",2020,FALSE,TRUE,0,194570.875207922,"Social only",NA
"Seychelles",2021,FALSE,TRUE,0,486878.918254456,"Social only",NA
"Sierra Leone",2013,FALSE,TRUE,0,46235242.728041,"Social only",NA
"Sierra Leone",2014,TRUE,FALSE,13608326.0168546,0,"Strategic only",NA
"Sierra Leone",2016,TRUE,TRUE,206640788.962732,53308920.5134231,"Both families funded",0.794926023880349
"Sierra Leone",2017,TRUE,FALSE,759390845.476821,0,"Strategic only",NA
"Sierra Leone",2018,TRUE,TRUE,1634774.62181801,4078126.72992184,"Both families funded",0.286154883686228
"Sierra Leone",2019,TRUE,TRUE,1123564.61226213,40905003.8512902,"Both families funded",0.0267333543191341
"Sierra Leone",2020,FALSE,TRUE,0,5975.07796277257,"Social only",NA
"Sierra Leone",2021,TRUE,TRUE,2000000000,48060458.6802099,"Both families funded",0.97653367190577
"Solomon Islands",2020,FALSE,TRUE,0,59939372.6737383,"Social only",NA
"Solomon Islands",2021,FALSE,TRUE,0,24851877.3466833,"Social only",NA
"Somalia",2015,FALSE,TRUE,0,2244551.1391579,"Social only",NA
"Somalia",2017,FALSE,TRUE,0,42060.3427312655,"Social only",NA
"Somalia",2020,FALSE,TRUE,0,1444980.46624385,"Social only",NA
"Somalia",2021,FALSE,TRUE,0,12600000,"Social only",NA
"South Africa",2013,TRUE,FALSE,652117930.820943,0,"Strategic only",NA
"South Africa",2015,TRUE,TRUE,1947116161.95886,26370.2807590445,"Both families funded",0.99998645693352
"South Africa",2016,TRUE,FALSE,1310693004.2779,0,"Strategic only",NA
"South Africa",2017,TRUE,TRUE,3794361466.53081,86548.8971501853,"Both families funded",0.999977190648864
"South Africa",2018,TRUE,TRUE,3158275584.37761,322615955.558487,"Both families funded",0.907318009809519
"South Africa",2019,TRUE,TRUE,707743563.58981,266417.260273195,"Both families funded",0.999623709739299
"South Africa",2020,FALSE,TRUE,0,2341759.41883801,"Social only",NA
"South Africa",2021,FALSE,TRUE,0,5503320.92584574,"Social only",NA
"South Sudan",2013,TRUE,FALSE,244219913.549099,0,"Strategic only",NA
"South Sudan",2014,FALSE,TRUE,0,138297.423347715,"Social only",NA
"South Sudan",2015,FALSE,TRUE,0,37371776.4669791,"Social only",NA
"South Sudan",2016,FALSE,TRUE,0,12342285.7396342,"Social only",NA
"South Sudan",2017,FALSE,TRUE,0,2004981.36214763,"Social only",NA
"South Sudan",2018,FALSE,TRUE,0,278565595.557789,"Social only",NA
"South Sudan",2019,TRUE,TRUE,876629233.769162,28097296.3073237,"Both families funded",0.968943879312406
"South Sudan",2020,FALSE,TRUE,0,24991080.8950254,"Social only",NA
"South Sudan",2021,FALSE,TRUE,0,1800000,"Social only",NA
"Sri Lanka",2013,TRUE,TRUE,555682297.946399,89522692.0793309,"Both families funded",0.861249225496906
"Sri Lanka",2014,TRUE,TRUE,2233459329.84241,87881387.0694533,"Both families funded",0.962141969755149
"Sri Lanka",2015,TRUE,TRUE,3960326.42041259,2285737.91792283,"Both families funded",0.634051493210846
"Sri Lanka",2016,TRUE,TRUE,329864582.172063,425654224.98133,"Both families funded",0.436606711902925
"Sri Lanka",2017,TRUE,TRUE,1026027242.2735,979833329.125565,"Both families funded",0.511514736818351
"Sri Lanka",2018,TRUE,TRUE,659783049.018524,92669997.5413785,"Both families funded",0.876842817016887
"Sri Lanka",2019,TRUE,TRUE,1355358025.4563,26203638.5849827,"Both families funded",0.98103331956365
"Sri Lanka",2020,FALSE,TRUE,0,5688326.65924634,"Social only",NA
"Sri Lanka",2021,FALSE,TRUE,0,110996285.21829,"Social only",NA
"Sudan",2014,TRUE,FALSE,44919818.4145035,0,"Strategic only",NA
"Sudan",2015,FALSE,TRUE,0,3030144.03786317,"Social only",NA
"Sudan",2016,FALSE,TRUE,0,3609013.91875874,"Social only",NA
"Sudan",2018,FALSE,TRUE,0,31065166.5783689,"Social only",NA
"Sudan",2019,FALSE,TRUE,0,29801225.8965137,"Social only",NA
"Sudan",2020,FALSE,TRUE,0,312714.360668471,"Social only",NA
"Sudan",2021,FALSE,TRUE,0,4500000,"Social only",NA
"Suriname",2013,FALSE,TRUE,0,1917662.13872271,"Social only",NA
"Suriname",2014,FALSE,TRUE,0,1279896.82023426,"Social only",NA
"Suriname",2015,TRUE,TRUE,73281227.8667968,30532723.9806381,"Both families funded",0.705889974928331
"Suriname",2016,TRUE,TRUE,284334183.199193,21403262.5185056,"Both families funded",0.929994631608625
"Suriname",2018,FALSE,TRUE,0,45554454.396651,"Social only",NA
"Suriname",2019,TRUE,TRUE,229068021.567225,22471292.2452427,"Both families funded",0.910664890093499
"Suriname",2021,FALSE,TRUE,0,1800000,"Social only",NA
"Syria",2018,TRUE,TRUE,13078196.9745441,32695.4924363603,"Both families funded",0.997506234413965
"Syria",2020,FALSE,TRUE,0,21907.5172509904,"Social only",NA
"Syria",2021,FALSE,TRUE,0,2700000,"Social only",NA
"Tajikistan",2013,TRUE,TRUE,209549172.383816,40634052.0928999,"Both families funded",0.837582826834652
"Tajikistan",2014,TRUE,FALSE,1008946960.20712,0,"Strategic only",NA
"Tajikistan",2016,TRUE,FALSE,460860158.128635,0,"Strategic only",NA
"Tajikistan",2017,TRUE,TRUE,127684273.732702,257406234.957828,"Both families funded",0.33156951638949
"Tajikistan",2018,TRUE,TRUE,109311929.712231,148304594.444892,"Both families funded",0.424320334535531
"Tajikistan",2019,TRUE,FALSE,318554238.381109,0,"Strategic only",NA
"Tajikistan",2020,TRUE,TRUE,616494025.317844,37788922.7533144,"Both families funded",0.942243760341429
"Tajikistan",2021,TRUE,TRUE,144031007.751937,62940310.0775194,"Both families funded",0.695898394339925
"Tanzania",2013,FALSE,TRUE,0,27230215.3877765,"Social only",NA
"Tanzania",2014,TRUE,TRUE,332460697.991969,3321.28569422546,"Both families funded",0.999990010089809
"Tanzania",2015,TRUE,TRUE,49706216.8177974,94439205.1053755,"Both families funded",0.344833822362322
"Tanzania",2016,FALSE,TRUE,0,5239874.51073515,"Social only",NA
"Tanzania",2017,FALSE,TRUE,0,16488032.3702555,"Social only",NA
"Tanzania",2018,TRUE,TRUE,66590959.7911491,57024807.0971101,"Both families funded",0.538693092858803
"Tanzania",2019,TRUE,TRUE,47189713.7150098,163628.680557946,"Both families funded",0.996544516769459
"Tanzania",2020,TRUE,TRUE,55841850.1193699,880530.941279744,"Both families funded",0.984476481332153
"Tanzania",2021,TRUE,TRUE,20000000,136705834.870834,"Both families funded",0.127627666298994
"Thailand",2013,TRUE,TRUE,20733311.8292491,425908423.041383,"Both families funded",0.0464204533758011
"Thailand",2014,TRUE,FALSE,13703758.2502375,0,"Strategic only",NA
"Thailand",2016,FALSE,TRUE,0,25097.4234280301,"Social only",NA
"Thailand",2017,FALSE,TRUE,0,19439.5710377958,"Social only",NA
"Thailand",2018,TRUE,FALSE,106362390.870365,0,"Strategic only",NA
"Thailand",2019,FALSE,TRUE,0,16362001.540516,"Social only",NA
"Thailand",2020,TRUE,TRUE,139604625.298424,3880051.876081,"Both families funded",0.97295842348823
"Thailand",2021,FALSE,TRUE,0,48784900,"Social only",NA
"Timor-Leste",2013,FALSE,TRUE,0,2583437.82850112,"Social only",NA
"Timor-Leste",2014,FALSE,TRUE,0,1239946.6591775,"Social only",NA
"Timor-Leste",2015,FALSE,TRUE,0,901197.034946597,"Social only",NA
"Timor-Leste",2017,FALSE,TRUE,0,1382805.78842516,"Social only",NA
"Timor-Leste",2020,FALSE,TRUE,0,848461.070713706,"Social only",NA
"Timor-Leste",2021,FALSE,TRUE,0,2104587.12,"Social only",NA
"Togo",2013,FALSE,TRUE,0,275189.634633241,"Social only",NA
"Togo",2014,TRUE,TRUE,211461469.052882,8617288.83226587,"Both families funded",0.960844522592394
"Togo",2015,TRUE,TRUE,19606443.7476412,64807168.4899815,"Both families funded",0.232266375385636
"Togo",2016,TRUE,TRUE,171364521.819915,15929.5284958117,"Both families funded",0.999907051659799
"Togo",2017,FALSE,TRUE,0,17052864.1025332,"Social only",NA
"Togo",2018,FALSE,TRUE,0,666814.673886539,"Social only",NA
"Togo",2019,FALSE,TRUE,0,1961404.40078097,"Social only",NA
"Togo",2020,FALSE,TRUE,0,36855.6210787841,"Social only",NA
"Togo",2021,FALSE,TRUE,0,32472000,"Social only",NA
"Tonga",2013,FALSE,TRUE,0,91729.8782110803,"Social only",NA
"Tonga",2014,TRUE,FALSE,8192504.71242281,0,"Strategic only",NA
"Tonga",2015,FALSE,TRUE,0,1224263.04098664,"Social only",NA
"Tonga",2017,FALSE,TRUE,0,30301828.8509937,"Social only",NA
"Tonga",2018,TRUE,TRUE,8589997.97289116,13595809.4568425,"Both families funded",0.387184374519484
"Tonga",2019,FALSE,TRUE,0,1624599.09953565,"Social only",NA
"Tonga",2020,TRUE,TRUE,11815811.7643884,3042539.14105694,"Both families funded",0.795230361672109
"Trinidad and Tobago",2013,FALSE,TRUE,0,277691725.550497,"Social only",NA
"Trinidad and Tobago",2015,FALSE,TRUE,0,1962220.94278488,"Social only",NA
"Trinidad and Tobago",2018,FALSE,TRUE,0,11062646.619045,"Social only",NA
"Trinidad and Tobago",2019,FALSE,TRUE,0,191414.266667138,"Social only",NA
"Trinidad and Tobago",2020,FALSE,TRUE,0,16523971.345682,"Social only",NA
"Trinidad and Tobago",2021,FALSE,TRUE,0,1954519.37984496,"Social only",NA
"Tunisia",2014,FALSE,TRUE,0,59303941.7359207,"Social only",NA
"Tunisia",2015,TRUE,FALSE,57404572.3150118,0,"Strategic only",NA
"Tunisia",2017,FALSE,TRUE,0,40926873.8460799,"Social only",NA
"Tunisia",2018,TRUE,TRUE,4957826.16721229,32956576.5433094,"Both families funded",0.130763662692131
"Tunisia",2019,TRUE,TRUE,26425503.9943743,44599546.5067153,"Both families funded",0.372058925800678
"Tunisia",2021,FALSE,TRUE,0,3600000,"Social only",NA
"Turkey",2013,TRUE,FALSE,141004569.023729,0,"Strategic only",NA
"Turkey",2014,TRUE,FALSE,751348629.644496,0,"Strategic only",NA
"Turkey",2015,TRUE,FALSE,769499467.037503,0,"Strategic only",NA
"Turkey",2016,TRUE,TRUE,642357652.547005,153740746.988272,"Both families funded",0.80688223079205
"Turkey",2017,FALSE,TRUE,0,200946962.625837,"Social only",NA
"Turkey",2018,TRUE,FALSE,908862977.387211,0,"Strategic only",NA
"Turkey",2019,TRUE,TRUE,3625674829.59465,18875359.9959816,"Both families funded",0.994820935639769
"Turkey",2020,TRUE,FALSE,88581129.1993693,0,"Strategic only",NA
"Turkey",2021,TRUE,FALSE,1480973137.11765,0,"Strategic only",NA
"Turkmenistan",2019,FALSE,TRUE,0,1617933.04165748,"Social only",NA
"Uganda",2014,TRUE,TRUE,1408131557.52571,885676.18512679,"Both families funded",0.99937142274492
"Uganda",2015,TRUE,TRUE,1237214908.96851,11526297.3961818,"Both families funded",0.990769666815323
"Uganda",2016,TRUE,TRUE,135883460.047765,7084827.0501508,"Both families funded",0.950444765101658
"Uganda",2017,FALSE,TRUE,0,28720.3974820263,"Social only",NA
"Uganda",2018,TRUE,TRUE,384522.150358739,43756572.478391,"Both families funded",0.00871120559181363
"Uganda",2019,TRUE,TRUE,236921782.306673,2119947.59522227,"Both families funded",0.991131474842939
"Uganda",2020,TRUE,TRUE,509699954.062169,374401.128040482,"Both families funded",0.999265987156126
"Uganda",2021,TRUE,TRUE,5000000,28844586.5019939,"Both families funded",0.147734113983205
"Ukraine",2013,FALSE,TRUE,0,3669195.12844321,"Social only",NA
"Ukraine",2014,FALSE,TRUE,0,16440653.5397082,"Social only",NA
"Ukraine",2016,FALSE,TRUE,0,4442410.04278526,"Social only",NA
"Ukraine",2018,TRUE,FALSE,324889054.970909,0,"Strategic only",NA
"Ukraine",2019,TRUE,TRUE,101423601.045074,169472253.343403,"Both families funded",0.374400713049037
"Ukraine",2020,FALSE,TRUE,0,2696664.4018046,"Social only",NA
"Uruguay",2013,FALSE,TRUE,0,564018.276094917,"Social only",NA
"Uruguay",2014,TRUE,TRUE,48933609.2282551,1107095.23140848,"Both families funded",0.97787610619469
"Uruguay",2015,TRUE,TRUE,62745304.8195896,34246239.0057017,"Both families funded",0.646915208738314
"Uruguay",2016,TRUE,TRUE,22789527.0113184,15620935.8258419,"Both families funded",0.593315605384235
"Uruguay",2017,TRUE,TRUE,60131927.3629205,8867489.33331731,"Both families funded",0.871484575408
"Uruguay",2018,FALSE,TRUE,0,8665395.34538335,"Social only",NA
"Uruguay",2019,FALSE,TRUE,0,179770.337961942,"Social only",NA
"Uruguay",2020,FALSE,TRUE,0,209303.452478437,"Social only",NA
"Uruguay",2021,TRUE,FALSE,20000000,0,"Strategic only",NA
"Uzbekistan",2013,TRUE,FALSE,2395724029.54077,0,"Strategic only",NA
"Uzbekistan",2014,TRUE,TRUE,272800110.938027,142319970.445163,"Both families funded",0.657159514011105
"Uzbekistan",2015,FALSE,TRUE,0,29527070.2356222,"Social only",NA
"Uzbekistan",2016,FALSE,TRUE,0,22081044.3063033,"Social only",NA
"Uzbekistan",2017,TRUE,FALSE,582034479.729723,0,"Strategic only",NA
"Uzbekistan",2018,TRUE,TRUE,93509108.3679904,7084023.36121139,"Both families funded",0.929577464788732
"Uzbekistan",2019,TRUE,FALSE,2412070990.80368,0,"Strategic only",NA
"Uzbekistan",2020,FALSE,TRUE,0,5616557.09896271,"Social only",NA
"Uzbekistan",2021,TRUE,FALSE,530575000,0,"Strategic only",NA
"Vanuatu",2013,FALSE,TRUE,0,16571984.9882208,"Social only",NA
"Vanuatu",2014,TRUE,TRUE,160255944.175583,28960488.2079042,"Both families funded",0.846945173613623
"Vanuatu",2015,FALSE,TRUE,0,11045.9196741399,"Social only",NA
"Vanuatu",2016,FALSE,TRUE,0,2676956.42609486,"Social only",NA
"Vanuatu",2017,TRUE,TRUE,1364229.12820266,33047798.4550361,"Both families funded",0.0396439624169992
"Vanuatu",2018,TRUE,TRUE,57674008.9507915,50444.5267929264,"Both families funded",0.999126115125325
"Vanuatu",2020,FALSE,TRUE,0,1071719.26768274,"Social only",NA
"Vanuatu",2021,TRUE,TRUE,63147776.9679299,4397228.69446064,"Both families funded",0.934899277136207
"Venezuela",2013,TRUE,FALSE,10610311809.8976,0,"Strategic only",NA
"Venezuela",2014,TRUE,TRUE,2425645652.016,1796792.73658014,"Both families funded",0.999259800066335
"Venezuela",2015,TRUE,TRUE,5611377847.89476,46013298.352737,"Both families funded",0.991866693116445
"Venezuela",2018,TRUE,FALSE,272462436.969669,0,"Strategic only",NA
"Venezuela",2020,FALSE,TRUE,0,28089777.0773508,"Social only",NA
"Venezuela",2021,FALSE,TRUE,0,16054029.14,"Social only",NA
"Vietnam",2013,TRUE,FALSE,276076689.328246,0,"Strategic only",NA
"Vietnam",2014,TRUE,FALSE,2550747413.16515,0,"Strategic only",NA
"Vietnam",2015,TRUE,TRUE,1635144282.12084,20479.3153534814,"Both families funded",0.999987475686954
"Vietnam",2016,TRUE,TRUE,5163268482.86774,23011684.0216276,"Both families funded",0.995562969357394
"Vietnam",2017,TRUE,TRUE,691170701.008101,170528.641025333,"Both families funded",0.99975333650922
"Vietnam",2018,TRUE,FALSE,79559031.5951434,0,"Strategic only",NA
"Vietnam",2019,TRUE,TRUE,2223159846.13309,6769.24101348301,"Both families funded",0.999996955135541
"Vietnam",2020,TRUE,TRUE,315571601.627299,212282.174264497,"Both families funded",0.999327761215332
"Vietnam",2021,TRUE,TRUE,40500000,35901120.1049222,"Both families funded",0.530096940259267
"West Bank and Gaza Strip",2016,TRUE,FALSE,8884820.08557052,0,"Strategic only",NA
"West Bank and Gaza Strip",2017,TRUE,FALSE,9587453.4664145,0,"Strategic only",NA
"West Bank and Gaza Strip",2019,FALSE,TRUE,0,561782.306131069,"Social only",NA
"West Bank and Gaza Strip",2021,FALSE,TRUE,0,2766894.8,"Social only",NA
"Yemen",2013,FALSE,TRUE,0,5640182.76094917,"Social only",NA
"Yemen",2014,FALSE,TRUE,0,35935.8547316028,"Social only",NA
"Yemen",2017,FALSE,TRUE,0,2304676.31404194,"Social only",NA
"Yemen",2020,FALSE,TRUE,0,11114851.1947196,"Social only",NA
"Zambia",2013,TRUE,TRUE,787084625.685754,23155928.7048675,"Both families funded",0.971420921133375
"Zambia",2014,TRUE,TRUE,671622789.556223,25135924.8812935,"Both families funded",0.963924491562929
"Zambia",2015,TRUE,TRUE,273274101.192474,528186930.081741,"Both families funded",0.340969916850486
"Zambia",2016,TRUE,TRUE,1452132487.02061,1167836672.68761,"Both families funded",0.554255565047311
"Zambia",2017,TRUE,TRUE,2234061050.00508,3249393.35314362,"Both families funded",0.998547634118998
"Zambia",2018,TRUE,TRUE,2358945271.12016,503259918.077935,"Both families funded",0.824170566115515
"Zambia",2019,FALSE,TRUE,0,123844534.614774,"Social only",NA
"Zambia",2020,FALSE,TRUE,0,610426.249883873,"Social only",NA
"Zambia",2021,FALSE,TRUE,0,19816700,"Social only",NA
"Zimbabwe",2013,TRUE,TRUE,377005723.847747,78962.5586532884,"Both families funded",0.99979059728093
"Zimbabwe",2014,TRUE,TRUE,110709523.140848,33212.8569422546,"Both families funded",0.999700089973008
"Zimbabwe",2015,TRUE,TRUE,1119694335.76892,30760674.3211501,"Both families funded",0.973262166663308
"Zimbabwe",2016,TRUE,TRUE,5904022.54179233,59040.2254179233,"Both families funded",0.99009900990099
"Zimbabwe",2017,TRUE,TRUE,34570144.7106292,115253487.323381,"Both families funded",0.230738931110559
"Zimbabwe",2018,TRUE,FALSE,178760198.138202,0,"Strategic only",NA
"Zimbabwe",2019,FALSE,TRUE,0,93045.6538252018,"Social only",NA
"Zimbabwe",2020,FALSE,TRUE,0,9468255.85611013,"Social only",NA
"Zimbabwe",2021,FALSE,TRUE,0,130806452.76,"Social only",NA
